market,regime,n,coef,lo90,hi90,p,a2_n,a2_roi,a2_se,bh_thresh,BH_survivor
ML,R3 either backup,773,0.44390711725916593,-0.025877517353971702,0.9136917518723036,0.06005730979334367,403,0.0012360069225271146,0.06333392224681285,0.008333333333333333,False
ML,R4 |eng-pin|>5pt,645,0.36619931064757266,-0.1064901513180267,0.838888772613172,0.1012736625743138,583,-0.007439372321624225,0.05323099814309898,0.016666666666666666,False
ML,R1 early (<=10 GP either),163,0.6315732845063601,-0.2461673894411115,1.5093139584538315,0.11828999899931536,81,0.16004378199842434,0.14128477865765984,0.025000000000000005,False
ML,R2 either B2B,299,0.425997226645338,-0.331569218108252,1.183563671398928,0.17749192238188316,157,0.004546732955179402,0.10471406724903756,0.03333333333333333,False
ML,R5 engine pick = underdog,866,0.2362859967370618,-0.2962670129644512,0.7688390064385748,0.2327506836810629,513,-0.01625309155320047,0.05890383159850534,0.041666666666666664,False
TOT,R2 either B2B,285,0.2790045689365855,-0.6233818793528907,1.1813910172260618,0.30552374661699244,131,-0.01530934711429186,0.08464063079024484,0.05000000000000001,False
TOT,R6 goalies,353,0.19161111957478003,-0.6198981110251468,1.0031203501747068,0.34886415000173254,153,0.06722779426964338,0.07762691777311276,0.05833333333333334,False
TOT,R1 early (<=10 GP either),156,0.22827311269991601,-0.9706889683541415,1.4272351937539736,0.37707338232019283,49,-0.09655324503599723,0.13922117628433342,0.06666666666666667,False
ML,R6 goalies,212,-0.04952593285177963,-0.9927850846729065,0.8937332189693472,0.5344121311399048,98,-0.12291979772904425,0.12544525912737295,0.075,False
TOT,R5 engine pick = underdog,541,-0.21655777303577003,-1.012149696154064,0.5790341500825238,0.6728284651063627,244,-0.12907361532294118,0.06380547811683658,0.08333333333333333,False
TOT,R3 either backup,733,-0.18399392283871016,-0.7499104927217943,0.38192264704437395,0.7036055653665859,344,-0.07832470870620686,0.05196501159402378,0.09166666666666667,False
TOT,R4 |eng-pin|>5pt,604,-0.5228079025081768,-1.2182675037622561,0.17265169874590258,0.8918718753990253,489,-0.0545788286915,0.04351928266089142,0.10000000000000002,False
