sit,market,n,games,coef,lo90,hi90,p,picks,pick_games,roi,roi_se,ll_eng,ll_med
S1 goalie pulled,ML,29,21,3.3524141600202912,0.27763529490353794,53.37031419119595,0.4609307236619463,16.0,14.0,1.5256693849634166,1.1129341625380635,0.19338804479702476,0.26203397710663767
S1 goalie pulled,TOT,25,20,0.6398520691124563,-2.4320380645792574,12.471536363323734,0.4970588903076313,24.0,17.0,0.15380199073181527,0.18733474178634524,0.505924033230126,0.5640794257609137
S2 power play,ML,190,117,1.8809081142270923,0.549187872026556,3.5105523569660115,0.019622385388699204,58.0,43.0,0.6444223882597258,0.1420031538786759,0.4315427403247096,0.4473602697361889
S2 power play,TOT,188,117,1.228714699942045,0.3483799249386119,2.6187664494488634,0.039456529394222506,59.0,52.0,0.3805671899170975,0.10541482783324475,0.6264243601656077,0.6457584450185297
S3 one-goal 5v5 <5:00,ML,32,25,1.4555935539046443,0.9294063592364253,11.581490619845876,0.49907288287661444,14.0,12.0,0.29393387916911956,0.2885141691522651,0.2320655693055469,0.2987869554942195
S3 one-goal 5v5 <5:00,TOT,32,25,0.6077036620057337,0.25414176137064054,1.47362420850895,0.07560919156090251,25.0,22.0,0.47453899772543834,0.2758769218201411,0.6246295351090458,0.698801114928586
S4 tied <5:00,ML,29,23,2.9458467372640738,-1.689497604870201,10.075472083662738,0.4928784354526963,13.0,12.0,2.3038461538461537,1.1055165154214306,0.6750917959318637,0.7737004468739216
S4 tied <5:00,TOT,29,23,4.289505226139985,2.839606309464828,72.81402811985038,0.45112661018881506,25.0,21.0,0.5261442323146412,0.1238860749306583,0.13490155833499562,0.3874016684323058
S5 overtime,ML,10,9,,,,,,,,,,
S5 overtime,TOT,5,5,,,,,,,,,,
