,2021,2022,2023,all
ANA,0.9667776423042292,0.987323420514788,1.0564754435111927,1.0014637516324776
ARI,1.0496614227091363,1.0743400736459816,0.9801734387208401,1.0344209918882934
BOS,0.9663654673510917,0.9791603529280668,0.9975447422809105,0.9801978517824873
BUF,0.9818648353762939,1.035012488081315,0.9928381028312999,1.0030883801963544
CAR,0.9973769309650228,0.9880539770650953,0.9724538892289015,0.9859167636261389
CBJ,0.9795667320601753,0.9762779139963839,1.0346304630367351,0.9965577867640355
CGY,0.9273690248701486,0.9752961827336945,0.9764491318359119,0.9592806064871179
CHI,1.0628068955254444,0.9974345792168997,1.022820358406235,1.0270569756150478
COL,1.0221177827327146,0.969733668615668,0.962665956913908,0.9848219809458395
DAL,0.9555863768305515,0.9931417769385013,0.9547069458012749,0.9679802771192876
DET,1.014308749179512,1.0135443195010865,0.9700343127930966,0.9993926820327879
EDM,1.093033491178135,0.9960824292217568,1.05641486680383,1.047539777764102
FLA,1.1270101045216974,1.0932268088944208,1.0306272423807081,1.0844270074521005
LAK,1.0161360113688398,0.9928875394794152,0.9824552312964596,0.9970497185459093
MIN,0.9919885010773606,0.9517326033290191,0.9790773882838764,0.9740874216422932
MTL,0.9767036661760644,0.959990718851745,1.0892628918079565,1.0065243406052131
NJD,0.9588529458854271,0.9323062848593425,0.979495609272729,0.9564166491675209
NSH,1.0070912242216918,0.9957021552083308,0.9899531501641392,0.9971403598768718
NYI,0.9545470311867081,1.015451623296493,1.0174403996095758,0.9955877994627025
NYR,1.0463201143556087,1.00147227728603,0.9921195526139488,1.0126914644740819
OTT,1.0478197676277254,0.9929993466429166,1.014483180673483,1.0186705254494426
PHI,1.0249822992826654,1.024275026991518,0.9918091833324127,1.014046236807591
PIT,1.0493966606428344,1.0783335188373893,1.027165182833485,1.0517825313038929
SEA,0.9961987975896195,0.9813697134537898,0.9390423018801904,0.9721628929842911
SJS,0.9784375231834948,1.0306281576050853,0.9704730941212265,0.9933723159403743
STL,0.9995912837508594,0.9693546657749389,0.9947395884765562,0.9881703678700349
TBL,0.9346605131308984,1.0593900693221265,1.0658563999008597,1.0176531968863378
TOR,0.930607855566161,0.9850698595055772,1.0295816704162766,0.9806441073504888
VAN,0.9988279619523069,0.9752182888586637,0.9825713145322601,0.985507531394512
VGK,1.0405192495809819,0.9863492498195848,0.9570407664305676,0.9942740719833385
WPG,0.9884189359845054,1.050108064809466,0.9988946302796342,1.011757097589581
WSH,0.9485881887154379,0.9607679630358116,1.0093389191296116,0.9719573603235324
