group,cell,n_D,games_D,rate_D,ref_D,z_D,roi_over_med_D,roi_under_med_D,n_V,games_V,rate_V,ref_V,z_V,roi_over_med_V,roi_under_med_V,p_D,bh_pass,same_sign_V,V_onesided_p,DV_survivor
assists,line=0.5,10211,631,0.3412985995495054,0.3547066582448356,-2.4359398743052223,-0.10127023528655026,-0.04276878660618711,8829,520,0.3371842790803036,0.34947256670584886,-2.1298117714075677,-0.09890255627037482,-0.04452638861917751,0.01485315317628647,True,True,0.016593578229274295,True
assists,ref_0.20-0.35,5419,631,0.2694224026573169,0.28895101383617644,-2.9576053759554237,-0.12440948514486067,-0.035567529473312126,4931,520,0.2731697424457514,0.2827774944469686,-1.418359285724631,-0.09780571892111133,-0.049703901038686986,0.0031003875800997807,True,True,0.0780429479953051,True
assists,books<=3,10232,631,0.34108678655199376,0.3546862435980061,-2.4729455564565725,-0.10179489567151728,-0.042496992527329,8868,520,0.33716734325665315,0.34947361785643627,-2.1402545619819553,-0.09888426582218532,-0.04448362942749494,0.013400455575758401,True,True,0.01616709994653198,True
assists,line=0.5 & ref_0.20-0.35,5403,631,0.2696650009254118,0.28879854286781587,-2.891715576376724,-0.12334443827503239,-0.03613409868709843,4908,520,0.27241238793806033,0.2825217560132325,-1.4920636458001735,-0.09924816625916871,-0.04900442798342382,0.0038314463410919577,True,True,0.06784123056606461,True
assists,line=0.5 & books<=3,10211,631,0.3412985995495054,0.3547066582448356,-2.4359398743052223,-0.10127023528655026,-0.04276878660618711,8829,520,0.3371842790803036,0.34947256670584886,-2.1298117714075677,-0.09890255627037482,-0.04452638861917751,0.01485315317628647,True,True,0.016593578229274295,True
assists,ref_0.20-0.35 & avg_below_line_0-0.5,4055,556,0.26831072749691737,0.2868552153868006,-2.4652502015319957,-0.12177065351418004,-0.03697824239990076,4823,520,0.27057847812564795,0.28207395411665365,-1.6871213966396108,-0.10287684014099108,-0.04700118248244322,0.013691760690945787,True,True,0.04579000578841214,True
assists,ref_0.20-0.35 & hitrate_lo,3580,477,0.26424581005586595,0.2864151665849296,-2.690190109882001,-0.1344217877094972,-0.032303296766151395,4762,520,0.26984460310793784,0.2817882085440225,-1.7563425605438372,-0.10393952120957581,-0.04633169522671117,0.007141132465662589,True,True,0.03951496710320483,True
assists,ref_0.20-0.35 & books<=3,5419,631,0.2694224026573169,0.28895101383617644,-2.9576053759554237,-0.12440948514486067,-0.035567529473312126,4931,520,0.2731697424457514,0.2827774944469686,-1.418359285724631,-0.09780571892111133,-0.049703901038686986,0.0031003875800997807,True,True,0.0780429479953051,True
goals_oneway,line=1.5,19699,618,0.017615107365856135,0.035718274540259595,-15.961007701989393,-0.6457561297527793,,15775,518,0.01774960380348653,0.03776092461050894,-14.72424842764129,-0.6286877971473851,,2.3884371110706243e-57,True,True,2.252248385806262e-49,True
goals_oneway,line=2.5,18057,619,0.0016060253641247161,0.009375244860961337,-18.00281070495894,-0.8908456554244891,,14857,520,0.002826950259137107,0.009708042384684822,-12.640805523225817,-0.7730362791949923,,1.8517827008125404e-72,True,True,6.287945939639431e-37,True
goals_oneway,ref_0.00-0.20,37751,619,0.00990702233053429,0.023095433570423655,-17.98591830691995,-0.7631970014039363,,30617,520,0.01048437142763824,0.024059671924369055,-15.381060386715609,-0.6987115001469771,,2.5119260626009263e-72,True,True,1.0966301616450905e-53,True
goals_oneway,avg_below_line_0.5+,31897,549,0.010251747813273976,0.023459562364796873,-16.464152656698968,-0.7543217230460545,,30499,520,0.010492147283517493,0.024190165921651383,-15.54660325024474,-0.7059756057575658,,6.63857167249402e-61,True,True,8.388549573713087e-55,True
goals_oneway,hot_l5,8622,517,0.009626536766411505,0.024009933157793737,-10.932754483340617,-0.7419392252377639,,9466,518,0.009718994295372914,0.024367855816946924,-11.188037390633598,-0.6920769068244242,,8.037108693498989e-28,True,True,2.3332410978855548e-29,True
goals_oneway,cold_l5,11437,525,0.01014251989157996,0.022556292227513545,-11.314858017157016,-0.747241409460523,,14088,519,0.008375922771152754,0.021050671058608462,-12.600105310860165,-0.7573005394662125,,1.1078150828047493e-29,True,True,1.054313920908609e-36,True
goals_oneway,toi_up,3041,455,0.009865175928970734,0.021549461392050117,-5.791145825540653,-0.665965143045051,,4650,508,0.01096774193548387,0.022141168626354672,-6.0236370723940125,-0.6236129032258065,,6.99078462105368e-09,True,True,8.527027382478178e-10,True
goals_oneway,toi_down,2201,423,0.008632439800090867,0.02264292358301523,-6.321321728561882,-0.8596092685143116,,4170,508,0.006474820143884892,0.021273171614982378,-10.282993520608647,-0.8547961630695443,,2.593354440966104e-10,True,True,4.203746506454571e-25,True
goals_oneway,hitrate_lo,26057,473,0.010170011896995049,0.023893496158666254,-15.361921169735092,-0.7551905438078059,,30272,520,0.01050475687103594,0.024238138230945422,-15.50967823404043,-0.7048774445031712,,2.947101823628473e-53,True,True,1.4918515529036332e-54,True
goals_oneway,defense,11458,618,0.0020946063885494853,0.010338449385585095,-14.846944105272483,-0.8879385582126026,,9464,518,0.0029585798816568047,0.010820457280434456,-11.089254512722288,-0.8462595097210481,,7.281292503744367e-50,True,True,7.073085808939904e-29,True
goals_oneway,forward,26298,619,0.013385048292645828,0.028688308371850282,-16.280001345896242,-0.7085234618602175,,21168,520,0.013888888888888888,0.030116504333806183,-14.130423914801508,-0.6327262849584278,,1.3686593531552734e-59,True,True,1.2332751666719459e-45,True
goals_oneway,home,18983,618,0.010166991518727282,0.024060603548522685,-14.698033012313813,-0.7808328504451351,,15371,520,0.010864615184438228,0.025047063058330977,-12.512123854749957,-0.6848285732873594,,6.635942819431548e-49,True,True,3.204372805076439e-36,True
goals_oneway,away,18773,618,0.009748042401321046,0.02216804183994815,-13.7411749546648,-0.7449102434347201,,15261,520,0.010156608348076798,0.023256180143531587,-12.605125483619325,-0.7126695498329073,,5.7534437265505605e-43,True,True,9.89287252950073e-37,True
goals_oneway,b2b,5509,150,0.007623888182973317,0.023017053646452054,-8.507071413198304,-0.8435741513886368,,5256,160,0.01293759512937595,0.02332185314712368,-5.501911543664089,-0.6453576864535768,,1.783816709936548e-17,True,True,1.878477234102549e-08,True
goals_oneway,opp_allows_many,8129,238,0.009718292532906877,0.02508596488001631,-10.230120385697479,-0.7736991019805634,,4326,143,0.012944983818770227,0.025874678101722632,-6.291389885404635,-0.6484049930651873,,1.4533859569948341e-24,True,True,1.5731798451945532e-10,True
goals_oneway,opp_allows_few,8256,241,0.011143410852713179,0.021609769346769173,-7.554843867301823,-0.7063953488372093,,6186,195,0.008406078241189783,0.0229696244752854,-8.597927477453274,-0.7691561590688651,,4.193626069936926e-14,True,True,4.058428131061928e-18,True
goals_oneway,game_total_high,10228,167,0.009874853343762221,0.024707490250794394,-10.203224522107517,-0.8046098944075087,,12541,210,0.011881030220875529,0.02556847579527666,-9.983270993456037,-0.6730802966270633,,1.9179685345734276e-24,True,True,9.020949028952852e-24,True
goals_oneway,game_total_low,11414,185,0.010513404590853337,0.021661682061405528,-8.940219528930143,-0.7243385316278255,,5314,91,0.009032743695897629,0.02190057742702608,-6.5608169838353465,-0.7608204742190441,,3.883980168497627e-19,True,True,2.6756883942196067e-11,True
goals_oneway,books<=3,37756,619,0.009958682063777943,0.023119585936618094,-17.93122009179851,-0.7629714482466363,,30632,520,0.010511882998171846,0.024154837145470124,-15.445389349595562,-0.6986990728649778,,6.728678041176732e-72,True,True,4.0518400157484075e-54,True
goals_oneway,line=1.5 & ref_0.00-0.20,19694,618,0.017518025794658273,0.03567517600602643,-16.016515344020224,-0.6461587285467656,,15760,518,0.017703045685279188,0.03758899680197621,-14.638151678890413,-0.628645304568528,,9.799004904260027e-58,True,True,8.018439557044813e-49,True
goals_oneway,line=1.5 & avg_below_line_0.5+,16628,548,0.018101996632186673,0.03627312394433772,-14.632856488568528,-0.6386576858311283,,15709,518,0.017760519447450506,0.03781198020188732,-14.740208156130384,-0.6310108854796613,,1.7335341805685494e-48,True,True,1.7784337757733315e-49,True
goals_oneway,line=1.5 & hot_l5,4430,516,0.016930022573363433,0.03770357613288696,-9.665441507698173,-0.6406320541760723,,4818,516,0.01639684516396845,0.03857095458986063,-10.663958715037246,-0.6293482772934827,,4.227928912106491e-22,True,True,7.503528818297858e-27,True
goals_oneway,line=1.5 & cold_l5,5880,524,0.018537414965986394,0.03525556050201718,-9.06268457177036,-0.5927210884353741,,7335,518,0.014178595773687798,0.03250304993352043,-11.74853471901183,-0.6966394001363327,,1.2727867797270584e-19,True,True,3.592699065831835e-32,True
goals_oneway,line=1.5 & toi_up,1601,448,0.016864459712679577,0.03298727242205995,-4.897445234307417,-0.5485321673953779,,2409,504,0.017434620174346202,0.03442333007528385,-6.075706599935223,-0.6288086342880863,,9.709068139952077e-07,True,True,6.172146682937346e-10,True
goals_oneway,line=1.5 & toi_down,1145,410,0.014847161572052401,0.034988000588904625,-5.622836115271211,-0.7956331877729258,,2166,504,0.012003693444136657,0.033033162404128964,-8.47062015532594,-0.7439981532779316,,1.8784759395026075e-08,True,True,1.2204499191654532e-17,True
goals_oneway,line=1.5 & hitrate_lo,13575,472,0.017826887661141804,0.03697472127886439,-13.882017919804978,-0.6531123388581952,,15593,518,0.017764381453216186,0.03788644957790945,-14.714802859482452,-0.6304142884627717,,8.141904909304847e-44,True,True,2.5898480204978753e-49,True
goals_oneway,line=1.5 & defense,6545,616,0.0035141329258976317,0.014510393884626627,-12.908575090090528,-0.8345301757066463,,5211,516,0.004797543657647284,0.015655268685284263,-10.025823646934798,-0.7981193628862022,,4.026836719523785e-38,True,True,5.868841182708226e-24,True
goals_oneway,line=1.5 & forward,13154,618,0.02463129086209518,0.04627062203084176,-14.105173536984033,-0.5518283411889919,,10564,518,0.024138583869746308,0.04866518180724747,-13.294388029916064,-0.5451107535024612,,3.529200424951791e-45,True,True,1.2475311621231254e-40,True
goals_oneway,line=1.5 & home,9819,616,0.017720745493431105,0.037470147050364784,-13.075076133080366,-0.6761941134535085,,7887,517,0.018384683656650185,0.03931632378016967,-11.873001264177713,-0.6274248763788512,,4.571060632552805e-39,True,True,8.174755569281849e-33,True
goals_oneway,line=1.5 & away,9880,618,0.01751012145748988,0.03397721824706903,-11.28417243199444,-0.6155060728744939,,7888,518,0.017114604462474644,0.036205722626341315,-11.716283751055666,-0.6299505578093306,,1.5711323666529195e-29,True,True,5.259287813299699e-32,True
goals_oneway,line=1.5 & b2b,2867,150,0.01430066271363795,0.03560848176939157,-7.457720200080722,-0.7137251482385769,,2733,160,0.021953896816684963,0.03617927744747757,-4.724157606270791,-0.5448225393340651,,8.803236329294895e-14,True,True,1.1553558347816885e-06,True
goals_oneway,line=1.5 & opp_allows_many,4209,238,0.01805654549774293,0.03909021352376004,-8.714695444947433,-0.6563079116179615,,2200,142,0.022272727272727274,0.04090714478442626,-5.700909051210331,-0.555,,2.915413412069228e-18,True,True,5.958510370851528e-09,True
goals_oneway,line=1.5 & opp_allows_few,4325,240,0.018959537572254336,0.03315960131372757,-6.638312255444217,-0.5863583815028902,,3206,194,0.014660012476606364,0.0356808534638853,-7.732688785838305,-0.6593886462882096,,3.172951491550952e-11,True,True,5.264924880530709e-15,True
goals_oneway,line=1.5 & game_total_high,5293,167,0.018326091063668996,0.0384842060999763,-8.97049898529398,-0.6532306820328736,,6411,209,0.02043362969895492,0.04024868326658035,-9.354211220712903,-0.5836998908126657,,2.951741615322556e-19,True,True,4.211290231757313e-21,True
goals_oneway,line=1.5 & game_total_low,5981,185,0.01855876943654907,0.03328105597351081,-7.540780842176225,-0.579936465474001,,2765,91,0.015913200723327307,0.03384760261826823,-5.774588510542746,-0.6528028933092225,,4.6716565332156424e-14,True,True,3.857068568784381e-09,True
goals_oneway,line=1.5 & books<=3,19699,618,0.017615107365856135,0.035718274540259595,-15.961007701989393,-0.6457561297527793,,15775,518,0.01774960380348653,0.03776092461050894,-14.72424842764129,-0.6286877971473851,,2.3884371110706243e-57,True,True,2.252248385806262e-49,True
goals_oneway,line=2.5 & ref_0.00-0.20,18057,619,0.0016060253641247161,0.009375244860961337,-18.00281070495894,-0.8908456554244891,,14857,520,0.002826950259137107,0.009708042384684822,-12.640805523225817,-0.7730362791949923,,1.8517827008125404e-72,True,True,6.287945939639431e-37,True
goals_oneway,line=2.5 & avg_below_line_0.5+,15269,549,0.00170279651581636,0.009505544292584848,-16.575637097387716,-0.8802803065033729,,14790,520,0.0027721433400946585,0.009721938705408897,-12.970613247143959,-0.7855983772819473,,1.0454899674530592e-61,True,True,8.979387301219858e-39,True
goals_oneway,line=2.5 & hot_l5,4192,516,0.0019083969465648854,0.009538836216080239,-10.092530379053574,-0.8489980916030534,,4648,516,0.0027969018932874354,0.00964528053986039,-8.223638134171273,-0.7570998278829604,,5.9612675367304045e-24,True,True,9.871057600578684e-17,True
goals_oneway,line=2.5 & cold_l5,5557,523,0.00125967248515386,0.009118880412850706,-13.154767557770914,-0.9107432067662408,,6753,517,0.002073152672886125,0.008611281298875116,-9.9460223893737,-0.823189693469569,,1.5977409599182435e-39,True,True,1.3123244428665846e-23,True
goals_oneway,line=2.5 & toi_up,1440,436,0.0020833333333333333,0.00883283954549058,-5.399313398103343,-0.7965277777777777,,2241,497,0.004016064257028112,0.00893825611833576,-3.670174051434733,-0.6180276662204373,,6.689642399354186e-08,True,True,0.00012119268477566784,True
goals_oneway,line=2.5 & toi_down,1056,409,0.001893939393939394,0.00925739974613706,-5.230136299618231,-0.9289772727272727,,2004,493,0.000499001996007984,0.008562522887791012,-12.52834588367043,-0.9745508982035929,,1.693851078700262e-07,True,True,2.6120441878296244e-36,True
goals_oneway,line=2.5 & hitrate_lo,12482,473,0.0018426534209261337,0.00966679923456035,-14.846962906234232,-0.8662073385675373,,14679,520,0.002793105797397643,0.009740003560108845,-12.902347170745163,-0.7839771101573677,,7.279251173153309e-50,True,True,2.182967253826371e-38,True
goals_oneway,line=2.5 & defense,4913,614,0.0002035416242621616,0.004780668651567827,-16.3432163340437,-0.9590881335233055,,4253,517,0.0007053844345168116,0.004896591249239457,-9.41272402972515,-0.9052433576299083,,4.8619118910193017e-60,True,True,2.417211196709277e-21,True
goals_oneway,line=2.5 & forward,13144,619,0.002130249543517955,0.011092618028699491,-16.668171473881294,-0.8653377967133292,,10604,520,0.0036778574122972463,0.011637795466451058,-11.63643204781087,-0.7200113164843456,,2.2332228090728742e-62,True,True,1.3451822968716942e-31,True
goals_oneway,line=2.5 & home,9164,618,0.002073330423395897,0.009692608388703006,-13.55319090159304,-0.8929506765604539,,7484,520,0.002939604489577766,0.010009428195538109,-9.893845790382365,-0.7453233564938535,,7.585942980633274e-42,True,True,2.2134365628805488e-23,True
goals_oneway,line=2.5 & away,8893,616,0.0011244799280332846,0.009048210185573429,-16.375698668318307,-0.8886764871247048,,7373,518,0.002712600027126,0.009402119231500776,-10.007743241626157,-0.8011664180116642,,2.852133798792397e-60,True,True,7.046530792916868e-24,True
goals_oneway,line=2.5 & b2b,2642,150,0.0003785011355034065,0.009353304809030549,-10.141238200276923,-0.9844814534443603,,2523,160,0.0031708283789139914,0.00939425084317315,-5.082076392077017,-0.7542608006341657,,3.624756129069757e-24,True,True,1.866656007941306e-07,True
goals_oneway,line=2.5 & opp_allows_many,3920,238,0.0007653061224489796,0.010049260150037388,-11.797933525557044,-0.8997448979591837,,2126,143,0.003292568203198495,0.010318974102687832,-5.282288166834894,-0.7450611476952023,,4.00014183651829e-32,True,True,6.379015645485521e-08,True
goals_oneway,line=2.5 & opp_allows_few,3931,241,0.0025438819638768763,0.008902309856284546,-7.109317588666986,-0.8384634952938184,,2980,194,0.0016778523489932886,0.009294389529831944,-8.07416731897881,-0.887248322147651,,1.1661811803330968e-12,True,True,3.3969331494977633e-16,True
goals_oneway,line=2.5 & game_total_high,4935,167,0.0008105369807497467,0.009931369280233134,-11.078524629419986,-0.9669706180344478,,6130,210,0.002936378466557912,0.010215325697637521,-8.431506761145119,-0.766557911908646,,1.5947877992098652e-28,True,True,1.7062128702601017e-17,True
goals_oneway,line=2.5 & game_total_low,5433,185,0.0016565433462175593,0.008870319026562582,-9.524919993627803,-0.883305724277563,,2549,91,0.001569242840329541,0.008941171913575876,-6.659209484498202,-0.8779913691643781,,1.6516909970187067e-21,True,True,1.3765215222195172e-11,True
goals_oneway,line=2.5 & books<=3,18057,619,0.0016060253641247161,0.009375244860961337,-18.00281070495894,-0.8908456554244891,,14857,520,0.002826950259137107,0.009708042384684822,-12.640805523225817,-0.7730362791949923,,1.8517827008125404e-72,True,True,6.287945939639431e-37,True
goals_oneway,ref_0.00-0.20 & avg_below_line_0.5+,31892,549,0.010190643421547723,0.02343102617722427,-16.523070296744933,-0.7545873573309921,,30484,520,0.010464505970345098,0.024094602883900147,-15.482468001035246,-0.7059916677601364,,2.5032397826896186e-61,True,True,2.2782585933577138e-54,True
goals_oneway,ref_0.00-0.20 & hot_l5,8621,517,0.00962765340447744,0.0239895190449481,-10.923506016765486,-0.7419092912655144,,9464,518,0.009721048182586645,0.0243279606200702,-11.180898802143139,-0.6920118343195266,,8.899281436804115e-28,True,True,2.5287575250679526e-29,True
goals_oneway,ref_0.00-0.20 & cold_l5,11437,525,0.01014251989157996,0.022556292227513545,-11.314858017157016,-0.747241409460523,,14080,519,0.008309659090909092,0.02094138032909868,-12.559163324733126,-0.757510653409091,,1.1078150828047493e-29,True,True,1.770284367391034e-36,True
goals_oneway,ref_0.00-0.20 & toi_up,3039,455,0.009542612701546561,0.021428557346967733,-5.921185175660986,-0.6673905890095426,,4649,508,0.01097010109701011,0.02210291118790046,-6.009072183487128,-0.6235319423531943,,3.196297085323937e-09,True,True,9.329402105548694e-10,True
goals_oneway,ref_0.00-0.20 & toi_down,2201,423,0.008632439800090867,0.02264292358301523,-6.321321728561882,-0.8596092685143116,,4169,508,0.0064763732309906456,0.02122249160348804,-10.265876687797412,-0.8547613336531542,,2.593354440966104e-10,True,True,5.02023999487132e-25,True
goals_oneway,ref_0.00-0.20 & hitrate_lo,26052,473,0.010095194226930754,0.023858646380334605,-15.42799392915128,-0.7555158912943343,,30257,520,0.010476914433023763,0.02414188202384725,-15.445383982694882,-0.704893082592458,,1.061176877638659e-53,True,True,4.0521772987829865e-54,True
goals_oneway,ref_0.00-0.20 & defense,11458,618,0.0020946063885494853,0.010338449385585095,-14.846944105272483,-0.8879385582126026,,9464,518,0.0029585798816568047,0.010820457280434456,-11.089254512722288,-0.8462595097210481,,7.281292503744367e-50,True,True,7.073085808939904e-29,True
goals_oneway,ref_0.00-0.20 & forward,26293,619,0.01331152778306013,0.028654689828358473,-16.349202902300206,-0.7088369528011258,,21153,520,0.013851463149435068,0.029982989060954746,-14.05762687678281,-0.6326974897177705,,4.407071939565211e-60,True,True,3.458348069348366e-45,True
goals_oneway,ref_0.00-0.20 & home,18979,618,0.010116444491279835,0.024022080365441633,-14.787289574722093,-0.7810343010696033,,15358,520,0.010808699049355384,0.024882133184159373,-12.455720494724273,-0.6848808438598776,,1.7693666133862145e-49,True,True,6.508528664863873e-36,True
goals_oneway,ref_0.00-0.20 & away,18772,618,0.009695290858725761,0.0221585685841331,-13.765251441385319,-0.7451630087364159,,15259,520,0.010157939576643292,0.02323187455705405,-12.600909061880001,-0.7126318893767613,,4.124467663327905e-43,True,True,1.0436243065445477e-36,True
goals_oneway,ref_0.00-0.20 & b2b,5509,150,0.007623888182973317,0.023017053646452054,-8.507071413198304,-0.8435741513886368,,5255,160,0.012940057088487155,0.02328823218673303,-5.492849398526529,-0.645290199809705,,1.783816709936548e-17,True,True,1.9775002232424505e-08,True
goals_oneway,ref_0.00-0.20 & opp_allows_many,8128,238,0.009719488188976378,0.025063942775221396,-10.23510095038807,-0.7736712598425196,,4322,143,0.012956964368347987,0.025696809725881096,-6.2393855312354285,-0.6480795927811198,,1.3805113100177252e-24,True,True,2.1964654030269227e-10,True
goals_oneway,ref_0.00-0.20 & opp_allows_few,8255,241,0.011144760751059964,0.021588159385454424,-7.549936874721108,-0.7063597819503331,,6184,195,0.008408796895213453,0.022903397552016883,-8.555674118383795,-0.7690815006468306,,4.354692559389069e-14,True,True,5.8590953330860325e-18,True
goals_oneway,ref_0.00-0.20 & game_total_high,10225,167,0.009877750611246943,0.024654631035372375,-10.209400734692151,-0.8045525672371637,,12526,210,0.01181542391825004,0.0253375585835008,-9.882415502869724,-0.6730799936132844,,1.799729138571621e-24,True,True,2.4811047649658942e-23,True
goals_oneway,ref_0.00-0.20 & game_total_low,11414,185,0.010513404590853337,0.021661682061405528,-8.940219528930143,-0.7243385316278255,,5314,91,0.009032743695897629,0.02190057742702608,-6.5608169838353465,-0.7608204742190441,,3.883980168497627e-19,True,True,2.6756883942196067e-11,True
goals_oneway,ref_0.00-0.20 & books<=3,37751,619,0.00990702233053429,0.023095433570423655,-17.98591830691995,-0.7631970014039363,,30617,520,0.01048437142763824,0.024059671924369055,-15.381060386715609,-0.6987115001469771,,2.5119260626009263e-72,True,True,1.0966301616450905e-53,True
goals_oneway,avg_below_line_0.5+ & hot_l5,8622,517,0.009626536766411505,0.024009933157793737,-10.932754483340617,-0.7419392252377639,,9466,518,0.009718994295372914,0.024367855816946924,-11.188037390633598,-0.6920769068244242,,8.037108693498989e-28,True,True,2.3332410978855548e-29,True
goals_oneway,avg_below_line_0.5+ & cold_l5,11437,525,0.01014251989157996,0.022556292227513545,-11.314858017157016,-0.747241409460523,,14088,519,0.008375922771152754,0.021050671058608462,-12.600105310860165,-0.7573005394662125,,1.1078150828047493e-29,True,True,1.054313920908609e-36,True
goals_oneway,avg_below_line_0.5+ & toi_up,3041,455,0.009865175928970734,0.021549461392050117,-5.791145825540653,-0.665965143045051,,4650,508,0.01096774193548387,0.022141168626354672,-6.0236370723940125,-0.6236129032258065,,6.99078462105368e-09,True,True,8.527027382478178e-10,True
goals_oneway,avg_below_line_0.5+ & toi_down,2201,423,0.008632439800090867,0.02264292358301523,-6.321321728561882,-0.8596092685143116,,4170,508,0.006474820143884892,0.021273171614982378,-10.282993520608647,-0.8547961630695443,,2.593354440966104e-10,True,True,4.203746506454571e-25,True
goals_oneway,avg_below_line_0.5+ & hitrate_lo,26057,473,0.010170011896995049,0.023893496158666254,-15.361921169735092,-0.7551905438078059,,30272,520,0.01050475687103594,0.024238138230945422,-15.50967823404043,-0.7048774445031712,,2.947101823628473e-53,True,True,1.4918515529036332e-54,True
goals_oneway,avg_below_line_0.5+ & defense,9728,548,0.0023643092105263158,0.010440828473720092,-13.066443892037576,-0.8717105263157895,,9435,518,0.00296767355590885,0.010829501651432306,-11.063655607502746,-0.8457869634340223,,5.12037728313035e-39,True,True,9.413236703838361e-29,True
goals_oneway,avg_below_line_0.5+ & forward,22169,549,0.013712842257206008,0.029172325380376955,-14.953495272469738,-0.7028102305020524,,21064,520,0.013862514242309153,0.030174682983440077,-14.154199616788143,-0.6433512153437143,,1.477844480958391e-50,True,True,8.796468210616126e-46,True
goals_oneway,avg_below_line_0.5+ & home,16036,541,0.010476428036916938,0.02444263597413213,-13.547792813950046,-0.7728330007483164,,15315,520,0.010773751224289911,0.02507564171399233,-12.632909417620715,-0.7007835455435847,,8.164845568246233e-42,True,True,6.952029801016177e-37,True
goals_oneway,avg_below_line_0.5+ & away,15861,544,0.01002458861358048,0.022465642158044443,-12.43063533442626,-0.7356062038963496,,15184,520,0.010208113804004215,0.02329705068457936,-12.546687468528457,-0.7112124604847208,,1.7821230160680215e-35,True,True,2.072447579030006e-36,True
goals_oneway,avg_below_line_0.5+ & b2b,4966,138,0.008256141763995167,0.02324669058196412,-7.846105649350382,-0.8276983487716473,,5239,160,0.012979576255010498,0.02333830441279407,-5.479016014270157,-0.6442069097155946,,4.291554447304115e-15,True,True,2.1384882797008103e-08,True
goals_oneway,avg_below_line_0.5+ & opp_allows_many,7748,235,0.010067114093959731,0.025425248747658447,-9.914754610186975,-0.7697986577181207,,4305,143,0.013008130081300813,0.025907627191678894,-6.263955033075345,-0.6466898954703832,,3.591378740414269e-23,True,True,1.87666875152914e-10,True
goals_oneway,avg_below_line_0.5+ & opp_allows_few,7821,238,0.011507479861910242,0.021882217524702086,-7.22994841149442,-0.6970975578570515,,6160,195,0.008441558441558441,0.02299069711872008,-8.580251208086503,-0.7681818181818182,,4.831775448668694e-13,True,True,4.733308545578577e-18,True
goals_oneway,avg_below_line_0.5+ & game_total_high,9216,157,0.009657118055555556,0.02503677057112887,-9.881640803517323,-0.8099392361111111,,12492,210,0.011927633685558757,0.025607919794306225,-9.967523183918361,-0.6717979506884406,,5.000728380079069e-23,True,True,1.0571784555339086e-23,True
goals_oneway,avg_below_line_0.5+ & game_total_low,9731,164,0.010790257938546911,0.02188284222219522,-8.150258019805753,-0.7093412804439421,,5293,91,0.00906858114490837,0.021933008351468115,-6.542258519852203,-0.7598715284337805,,3.631486081651113e-16,True,True,3.029831658746944e-11,True
goals_oneway,avg_below_line_0.5+ & books<=3,31897,549,0.010251747813273976,0.023459562364796873,-16.464152656698968,-0.7543217230460545,,30499,520,0.010492147283517493,0.024190165921651383,-15.54660325024474,-0.7059756057575658,,6.63857167249402e-61,True,True,8.388549573713087e-55,True
goals_oneway,hot_l5 & toi_up,1127,337,0.007985803016858917,0.02109767673716682,-4.329880452481755,-0.637089618456078,,1808,426,0.012168141592920354,0.021535893293168826,-2.812236059939587,-0.42726769911504425,,1.4919031126576674e-05,True,True,0.0024599191139117633,True
goals_oneway,hot_l5 & toi_down,462,187,0.008658008658008658,0.024853807591119378,-3.171726961930806,-0.8571428571428571,,944,326,0.006355932203389831,0.02277187493361041,-5.983825304504001,-0.8792372881355932,,0.0015153540574158793,True,True,1.0897854044151086e-09,True
goals_oneway,hot_l5 & hitrate_lo,7553,472,0.009267840593141797,0.024004356374475892,-10.839540050860935,-0.7382497021051238,,9414,518,0.009666454217123433,0.024367027462134223,-11.192706345572295,-0.6926067558954748,,2.235923403944392e-27,True,True,2.2135557754755126e-29,True
goals_oneway,hot_l5 & defense,2382,487,0.002938706968933669,0.01128510040730369,-6.233576957985412,-0.7791771620486986,,2614,501,0.0034429992348890587,0.011675107781097425,-6.146987370174746,-0.8439173680183627,,4.5590322423307525e-10,True,True,3.948420711820128e-10,True
goals_oneway,hot_l5 & forward,6240,516,0.01217948717948718,0.028867393351971186,-9.843450387321672,-0.7277243589743589,,6852,517,0.012113251605370695,0.02921006880085099,-10.167184947514693,-0.6341506129597198,,7.31578805761798e-23,True,True,1.3891098111759703e-24,True
goals_oneway,hot_l5 & home,4300,506,0.010697674418604652,0.024988481137658135,-7.996009584338985,-0.7633720930232558,,4694,515,0.007669365146996165,0.02513254657192375,-10.39928467674755,-0.765807413719642,,1.2851638274977021e-15,True,True,1.2490067614097978e-25,True
goals_oneway,hot_l5 & away,4322,508,0.008560851457658492,0.023036366218085982,-8.52036403242871,-0.7206154558074965,,4772,517,0.01173512154233026,0.023615664198367466,-6.577060333778687,-0.6195515507124896,,1.5905259370896265e-17,True,True,2.3992005462405653e-11,True
goals_oneway,hot_l5 & b2b,1409,131,0.007097232079488999,0.023618622285928186,-5.336425298141563,-0.8662171753016323,,1666,159,0.01020408163265306,0.022920761046502258,-4.2910248534945055,-0.6716686674669868,,9.479690128744743e-08,True,True,8.892520309201637e-06,True
goals_oneway,hot_l5 & opp_allows_many,2039,226,0.010789602746444336,0.025737308903110843,-5.630497963045902,-0.6662579695929377,,1289,143,0.012412723041117145,0.02576074569333117,-3.5229483659395577,-0.48719937936384794,,1.7969006349049905e-08,True,True,0.00021338724792466438,True
goals_oneway,hot_l5 & opp_allows_few,2119,218,0.010854176498348278,0.022580769007708754,-4.620275749470179,-0.7364322793770647,,1849,192,0.01081665765278529,0.02346994582452332,-4.395523503305098,-0.7160627366143861,,3.832303605054349e-06,True,True,5.525305284791794e-06,True
goals_oneway,hot_l5 & game_total_high,2572,153,0.01010886469673406,0.02543361764177962,-6.74588981526169,-0.8065707620528771,,3934,210,0.011692933401118455,0.02630388324089355,-6.479442203489406,-0.6521860701576003,,1.5209201036459688e-11,True,True,4.603116148361051e-11,True
goals_oneway,hot_l5 & game_total_low,2674,157,0.010471204188481676,0.022501719225591334,-5.386432893280026,-0.662864622288706,,1658,91,0.008443908323281062,0.02165699491749043,-5.466424324558627,-0.8160434258142341,,7.186974516460355e-08,True,True,2.29602167687081e-08,True
goals_oneway,hot_l5 & books<=3,8622,517,0.009626536766411505,0.024009933157793737,-10.932754483340617,-0.7419392252377639,,9466,518,0.009718994295372914,0.024367855816946924,-11.188037390633598,-0.6920769068244242,,8.037108693498989e-28,True,True,2.3332410978855548e-29,True
goals_oneway,cold_l5 & toi_up,1096,322,0.010036496350364963,0.020851907532534776,-3.101729045500171,-0.6400547445255474,,1812,429,0.004415011037527594,0.018967001354892734,-8.322877680545766,-0.8809602649006623,,0.0019239396965219516,True,True,4.292651587465176e-17,True
goals_oneway,cold_l5 & toi_down,1112,310,0.008093525179856115,0.020667864172720304,-4.597002308382431,-0.8579136690647482,,2423,478,0.006603384234420141,0.019405622856360074,-7.372586376024957,-0.8499793644242675,,4.286128726331708e-06,True,True,8.36745476101742e-14,True
goals_oneway,cold_l5 & hitrate_lo,10682,472,0.00926792735442801,0.02241100726285091,-11.84319243928344,-0.7690226549335332,,14061,519,0.008392006258445345,0.02104612715477849,-12.56916477524376,-0.7568345067918356,,2.3339639478201513e-32,True,True,1.5600128811520555e-36,True
goals_oneway,cold_l5 & defense,3560,503,0.0022471910112359553,0.01056290362914695,-9.142803490293522,-0.8969101123595505,,5323,517,0.0026300958106331017,0.010376002389237582,-9.019719594990981,-0.8459515310914898,,6.085390384554603e-20,True,True,9.428567388915593e-20,True
goals_oneway,cold_l5 & forward,7877,524,0.01371080360543354,0.027976688750324906,-9.713421553252976,-0.6795988320426558,,8765,518,0.011865373645179691,0.0275334162185698,-10.791625824190485,-0.7034626354820308,,2.643123491489374e-22,True,True,1.8852959897513083e-27,True
goals_oneway,cold_l5 & home,5695,517,0.008955223880597015,0.02331529065410737,-9.767717470582811,-0.7832660228270413,,7058,517,0.011192972513459904,0.021861435335128982,-7.10268361088503,-0.6660243695097762,,1.5490250518665343e-22,True,True,6.117865308015898e-13,True
goals_oneway,cold_l5 & away,5742,513,0.011320097526994078,0.021803506431719074,-7.293913916522699,-0.7115116684082201,,7030,519,0.0055476529160739686,0.020236677564485866,-12.869058904212855,-0.8489402560455193,,3.0107784881927044e-13,True,True,3.360806331775999e-38,True
goals_oneway,cold_l5 & b2b,1823,133,0.008228195282501372,0.02259999914821953,-5.933946931274325,-0.7913329676357652,,2369,160,0.007176023638666104,0.020379071003996496,-6.383312848637448,-0.8619670747150696,,2.957374565831713e-09,True,True,8.664867784324837e-11,True
goals_oneway,cold_l5 & opp_allows_many,2744,224,0.009475218658892129,0.025030499929849393,-7.449918408083415,-0.7975947521865889,,1998,142,0.009009009009009009,0.022539985978547016,-5.281647367354826,-0.7862862862862863,,9.33979754541995e-14,True,True,6.401372036465082e-08,True
goals_oneway,cold_l5 & opp_allows_few,2631,225,0.010262257696693273,0.021315752388049263,-4.929781699273226,-0.7193082478145192,,2886,193,0.005197505197505198,0.020244823718916644,-8.590277208935376,-0.861053361053361,,8.232155306058475e-07,True,True,4.337987313013911e-18,True
goals_oneway,cold_l5 & game_total_high,3305,153,0.007866868381240545,0.023214296665150465,-7.649028598381465,-0.8367927382753404,,5829,210,0.009607136730142391,0.0221216524130513,-8.010477031408481,-0.722919883341911,,2.0250320473335622e-14,True,True,5.713217789083566e-16,True
goals_oneway,cold_l5 & game_total_low,3580,160,0.0111731843575419,0.021485356462614652,-5.49577887981474,-0.6951396648044692,,2438,91,0.005742411812961444,0.01924328940530294,-5.850213274252969,-0.7758408531583265,,3.889896753808733e-08,True,True,2.4547154564400707e-09,True
goals_oneway,cold_l5 & books<=3,11437,525,0.01014251989157996,0.022556292227513545,-11.314858017157016,-0.747241409460523,,14088,519,0.008375922771152754,0.021050671058608462,-12.600105310860165,-0.7573005394662125,,1.1078150828047493e-29,True,True,1.054313920908609e-36,True
goals_oneway,toi_up & hitrate_lo,2944,438,0.010190217391304348,0.021746617833455096,-5.558864759607929,-0.6549592391304347,,4638,507,0.010996119016817595,0.02217712855417466,-6.0135820442274985,-0.6226390685640363,,2.7153498883915056e-08,True,True,9.073401038452907e-10,True
goals_oneway,toi_up & defense,1114,352,0.003590664272890485,0.010203264024935255,-3.020906855419634,-0.6822262118491921,,1786,432,0.002799552071668533,0.010478711459477246,-5.1653595374989205,-0.8779395296752519,,0.0025201887351815025,True,True,1.1998859260517844e-07,True
goals_oneway,toi_up & forward,1927,403,0.013492475350285417,0.028108705744393635,-4.9785361558453625,-0.6565646081992735,,2864,465,0.01606145251396648,0.029413916007654632,-4.726610936231978,-0.4650139664804469,,6.406697653642825e-07,True,True,1.1414904505939618e-06,True
goals_oneway,toi_up & home,1501,383,0.0073284477015323115,0.022685084805665123,-5.769583312912816,-0.8187874750166556,,2373,450,0.010113780025284451,0.022124712665166406,-5.085463289568662,-0.6835229667088074,,7.946778309037686e-09,True,True,1.8336488183729082e-07,True
goals_oneway,toi_up & away,1540,373,0.012337662337662338,0.02044259727267601,-2.7436535751869306,-0.517012987012987,,2277,449,0.011857707509881422,0.022158318383008056,-4.043910956590234,-0.5611769872639437,,0.006075962013299169,True,True,2.628344516581841e-05,True
goals_oneway,toi_up & opp_allows_few,730,170,0.00684931506849315,0.020468694772899653,-4.503304691640247,-0.8698630136986302,,907,171,0.0033076074972436605,0.021309672737599403,-6.703990574230066,-0.9316427783902976,,6.690485401022123e-06,True,True,1.0140167504069665e-11,True
goals_oneway,toi_up & game_total_high,957,142,0.006269592476489028,0.022950271051527776,-5.196931944298941,-0.8636363636363636,,1766,204,0.013023782559456399,0.023050473353163653,-3.112392126847785,-0.6040770101925255,,2.0260449311871603e-07,True,True,0.000927889107623221,True
goals_oneway,toi_up & books<=3,3041,455,0.009865175928970734,0.021549461392050117,-5.791145825540653,-0.665965143045051,,4650,508,0.01096774193548387,0.022141168626354672,-6.0236370723940125,-0.6236129032258065,,6.99078462105368e-09,True,True,8.527027382478178e-10,True
goals_oneway,toi_down & hitrate_lo,2149,411,0.008841321544904607,0.02272457385249763,-6.142472938553475,-0.8562121917170777,,4169,508,0.0064763732309906456,0.0212767844697415,-10.282460850426286,-0.8547613336531542,,8.124652289236356e-10,True,True,4.227049876862258e-25,True
goals_oneway,toi_down & defense,753,283,0.0,0.010607837300366267,-13.442615178057574,-1.0,,1483,409,0.0,0.01034424863682884,-16.636119014553483,-1.0,,3.401977172540891e-41,True,True,1.9078023199863322e-62,True
goals_oneway,toi_down & forward,1448,352,0.013121546961325966,0.02890150091093973,-4.828467490824207,-0.7866022099447514,,2687,477,0.010048381094157052,0.027305026016397227,-8.085952247048079,-0.7746557499069594,,1.3758778956091584e-06,True,True,3.0840176043372147e-16,True
goals_oneway,toi_down & home,1117,322,0.012533572068039392,0.025000376296620677,-3.513758797138841,-0.7909579230080573,,2001,447,0.005497251374312844,0.021666447585662548,-8.731961907331769,-0.8943028485757122,,0.0004418137994843001,True,True,1.2514626422755161e-18,True
goals_oneway,toi_down & away,1084,329,0.004612546125461255,0.020213703397501136,-6.903761263889769,-0.9303505535055351,,2169,456,0.007376671277086215,0.0209103568536495,-6.575024943317645,-0.8183494698017519,,5.06433832292798e-12,True,True,2.4322506287584816e-11,True
goals_oneway,toi_down & opp_allows_many,475,133,0.008421052631578947,0.026076752598539397,-4.211060599001472,-0.8094736842105263,,600,125,0.01,0.023321240117675106,-3.018090151893008,-0.7941666666666667,,2.5417454679076908e-05,True,True,0.0012718660995572507,True
goals_oneway,toi_down & game_total_high,665,126,0.006015037593984963,0.02438190213548166,-5.396663740101479,-0.9353383458646617,,1873,206,0.007474639615589963,0.021888527933433714,-6.426444593765078,-0.8326214628937534,,6.789145410077601e-08,True,True,6.531150051653441e-11,True
goals_oneway,toi_down & game_total_low,658,133,0.007598784194528876,0.02011675544303713,-3.021282727326741,-0.8670212765957447,,600,88,0.0016666666666666668,0.02043976234179451,-6.174333012804694,-0.9683333333333334,,0.002517062122404423,True,True,3.322168189318144e-10,True
goals_oneway,toi_down & books<=3,2201,423,0.008632439800090867,0.02264292358301523,-6.321321728561882,-0.8596092685143116,,4170,508,0.006474820143884892,0.021273171614982378,-10.282993520608647,-0.8547961630695443,,2.593354440966104e-10,True,True,4.203746506454571e-25,True
goals_oneway,hitrate_lo & defense,7975,473,0.0022570532915360503,0.010558964907563835,-12.236641271929011,-0.8793730407523511,,9375,518,0.0029866666666666665,0.010847269725923517,-11.01413312900515,-0.8448,,1.980603734542831e-34,True,True,1.6333295225296362e-28,True
goals_oneway,hitrate_lo & forward,18082,473,0.013659993363565976,0.029774642421664912,-13.997759315170693,-0.7004203074881097,,20897,520,0.013877590084701153,0.03024567004099377,-14.122592462090859,-0.6421041297793941,,1.6086292365621227e-44,True,True,1.3783035160431921e-45,True
goals_oneway,hitrate_lo & home,13054,464,0.010188447985291865,0.0248859763676573,-12.654364365146039,-0.7853952811398804,,15183,520,0.0108015543700191,0.025133758623484236,-12.589344744601739,-0.6995653032997431,,1.0582862913308331e-36,True,True,1.2083557365540529e-36,True
goals_oneway,hitrate_lo & away,13003,467,0.010151503499192494,0.02289712327178098,-11.791481277733233,-0.7248673383065447,,15089,520,0.010206110411558089,0.023336938388681734,-12.524631512269256,-0.7102226787726158,,4.3187743415071354e-32,True,True,2.7372506846083656e-36,True
goals_oneway,hitrate_lo & b2b,4062,117,0.008370260955194485,0.02364693169019028,-7.497304560997727,-0.831326932545544,,5211,160,0.013049318748800614,0.02335918452413225,-5.432111971485708,-0.6422951448858185,,6.514349890441393e-14,True,True,2.784547886829398e-08,True
goals_oneway,hitrate_lo & opp_allows_many,6245,201,0.010408326661329063,0.026108487180667286,-9.076989338823196,-0.752105684547638,,4281,143,0.013081055828077552,0.025929257292270778,-6.238329221505358,-0.644709180098108,,1.116195389498494e-19,True,True,2.2113455056450798e-10,True
goals_oneway,hitrate_lo & opp_allows_few,6098,200,0.011315185306657921,0.02241025372591475,-6.884658645183497,-0.7051492292554936,,6118,195,0.008336057535142204,0.023042864428174742,-8.623261510905333,-0.7700228832951945,,5.792626708350262e-12,True,True,3.253680909798951e-18,True
goals_oneway,hitrate_lo & game_total_high,7883,144,0.009514144361283776,0.025551392661058256,-9.455146769730371,-0.8232779398706076,,12408,210,0.012008381689232753,0.02565794517149893,-9.921609044264816,-0.6695760799484204,,3.225691167162471e-21,True,True,1.6765326517916682e-23,True
goals_oneway,hitrate_lo & game_total_low,8071,144,0.010531532647751208,0.022208078488941855,-7.852701283625996,-0.7158468591252634,,5241,91,0.00896775424537302,0.021978041750855982,-6.543312803951963,-0.7598740698340012,,4.071706650576395e-15,True,True,3.00853949139019e-11,True
goals_oneway,hitrate_lo & books<=3,26057,473,0.010170011896995049,0.023893496158666254,-15.361921169735092,-0.7551905438078059,,30272,520,0.01050475687103594,0.024238138230945422,-15.50967823404043,-0.7048774445031712,,2.947101823628473e-53,True,True,1.4918515529036332e-54,True
goals_oneway,defense & home,5837,615,0.0027411341442521845,0.010554507529039123,-10.52882905959027,-0.882131231797156,,4796,516,0.00396163469557965,0.01105585308431248,-6.978676353600894,-0.7971226021684737,,6.362093499595054e-26,True,True,1.4898700872657064e-12,True
goals_oneway,defense & away,5621,615,0.0014232342999466287,0.01011408870539631,-12.928331241223338,-0.8939690446539762,,4668,517,0.0019280205655526992,0.010578606750143327,-10.676712004823742,-0.8967437874892887,,3.1150672016862997e-38,True,True,6.541172681710185e-27,True
goals_oneway,defense & b2b,1659,149,0.0006027727546714888,0.010380309514262031,-9.23548757708297,-0.9752863170584689,,1581,159,0.0018975332068311196,0.010546823389532877,-6.645119860328889,-0.9063883617963314,,2.5711232148172872e-20,True,True,1.514852119666392e-11,True
goals_oneway,defense & opp_allows_many,2493,235,0.004011231448054553,0.010717813410050524,-4.582858575889094,-0.7793822703569996,,1370,143,0.0021897810218978104,0.011097022183238265,-4.883004197389073,-0.878102189781022,,4.586622587617437e-06,True,True,5.224082304234169e-07,True
goals_oneway,defense & opp_allows_few,2475,241,0.00202020202020202,0.010088653999790547,-7.718528517276742,-0.8634343434343434,,1884,192,0.0031847133757961785,0.010564298557853355,-5.411001059719856,-0.8614649681528662,,1.176803345500009e-14,True,True,3.1336700579180716e-08,True
goals_oneway,defense & game_total_high,3138,167,0.0031867431485022306,0.010933065392435834,-6.672613433379241,-0.8620140216698534,,3964,210,0.0037840565085771947,0.011376368185283717,-6.377393856046167,-0.7729566094853683,,2.5128768005972523e-11,True,True,9.006340325229785e-11,True
goals_oneway,defense & game_total_low,3415,185,0.0017569546120058566,0.00979062408892023,-8.62059654176614,-0.9013177159590043,,1576,91,0.0019035532994923859,0.01006943052561914,-5.860770052002414,-0.9098984771573604,,6.660620073600964e-18,True,True,2.3036280298519814e-09,True
goals_oneway,defense & early_gp<5,1730,220,0.0005780346820809249,0.009762759345482633,-8.549761486565687,-0.9791907514450867,,29,15,0.0,0.007877917957514188,-3.803432528655178,-1.0,,1.2334313012212211e-17,True,True,7.135243696753086e-05,True
goals_oneway,defense & books<=3,11458,618,0.0020946063885494853,0.010338449385585095,-14.846944105272483,-0.8879385582126026,,9464,518,0.0029585798816568047,0.010820457280434456,-11.089254512722288,-0.8462595097210481,,7.281292503744367e-50,True,True,7.073085808939904e-29,True
goals_oneway,forward & home,13146,618,0.013464171611136467,0.030057491002175935,-13.175906715641421,-0.7358550129316902,,10575,519,0.013995271867612293,0.031392391004940214,-11.338007616283527,-0.6339007092198582,,1.2076773121546495e-39,True,True,4.2529465408534494e-30,True
goals_oneway,forward & away,13152,618,0.01330596107055961,0.02731975036863701,-11.729227332072323,-0.6812043795620438,,10593,520,0.013782686679882942,0.028842785694398805,-10.835536995878954,-0.6315538563202114,,9.027899598475026e-32,True,True,1.1679542483648088e-27,True
goals_oneway,forward & b2b,3850,150,0.01064935064935065,0.028462341572504844,-7.63419128431871,-0.7868181818181819,,3675,160,0.017687074829931974,0.02881772309181785,-4.3364198309241315,-0.5330612244897959,,2.2724231091470125e-14,True,True,7.241110649074746e-06,True
goals_oneway,forward & opp_allows_many,5636,238,0.012242725337118524,0.031441501007522465,-9.861080606827741,-0.7711852377572745,,2956,142,0.017929634641407306,0.03272359170399718,-5.338636397522611,-0.5419485791610285,,6.138514664391131e-23,True,True,4.682412016530093e-08,True
goals_oneway,forward & opp_allows_few,5781,241,0.015049299429164505,0.026542265538392097,-6.258798731311992,-0.6391627746064694,,4302,195,0.010692701069270108,0.028402361348470417,-8.03981369910574,-0.7287308228730823,,3.879541709381854e-10,True,True,4.49875807440616e-16,True
goals_oneway,forward & game_total_high,7090,167,0.012834978843441466,0.030803984638034052,-9.6120527482499,-0.7792031029619181,,8577,210,0.015623178267459485,0.03212758907101549,-9.190290089449164,-0.6269208347907194,,7.111681441190876e-22,True,True,1.9589168282905834e-20,True
goals_oneway,forward & game_total_low,7999,185,0.014251781472684086,0.026729773444833113,-7.746356076156535,-0.6487810976372047,,3738,91,0.012038523274478331,0.026888776334628356,-5.872857294250367,-0.6979668271803103,,9.4567088018563e-15,True,True,2.141735950520252e-09,True
goals_oneway,forward & books<=3,26298,619,0.013385048292645828,0.028688308371850282,-16.280001345896242,-0.7085234618602175,,21168,520,0.013888888888888888,0.030116504333806183,-14.130423914801508,-0.6327262849584278,,1.3686593531552734e-59,True,True,1.2332751666719459e-45,True
goals_oneway,home & opp_allows_many,4314,141,0.010199350950394067,0.026196745311774437,-7.975433681517291,-0.8156351414000927,,2151,73,0.01208740120874012,0.026992961151666436,-5.131146589379731,-0.7224546722454672,,1.5184667517803569e-15,True,True,1.4399125877739765e-07,True
goals_oneway,home & opp_allows_few,4241,141,0.011082291912284839,0.022584685520074293,-5.977293721236091,-0.7192879037962745,,3140,107,0.009235668789808917,0.02399620879026342,-6.099350443207072,-0.7242038216560509,,2.2687492763776865e-09,True,True,5.325017557162609e-10,True
goals_oneway,home & game_total_high,5164,167,0.010844306738962044,0.02589602407132322,-8.17362428595261,-0.7824457784663051,,6303,210,0.011581786450896399,0.026907433808694956,-8.62979581914016,-0.6900364905600508,,2.992607727645516e-16,True,True,3.073079611226956e-18,True
goals_oneway,home & game_total_low,5751,185,0.009737436967483916,0.022580284117936937,-8.039837679380136,-0.7701443227264824,,2682,91,0.009321401938851604,0.022384483521072,-5.262903910618716,-0.7173750932140194,,8.995755560725719e-16,True,True,7.089884859317108e-08,True
goals_oneway,home & books<=3,18983,618,0.010166991518727282,0.024060603548522685,-14.698033012313813,-0.7808328504451351,,15371,520,0.010864615184438228,0.025047063058330977,-12.512123854749957,-0.6848285732873594,,6.635942819431548e-49,True,True,3.204372805076439e-36,True
goals_oneway,away & b2b,3238,111,0.00926497838171711,0.022342594741487126,-5.700292534372032,-0.8004169240271772,,3564,122,0.01122334455667789,0.023172896056329627,-5.837044496624999,-0.6849046015712682,,1.1960200880511145e-08,True,True,2.6567454619941273e-09,True
goals_oneway,away & opp_allows_many,3815,126,0.009174311926605505,0.02382989495010685,-6.864150534300789,-0.7262778505897772,,2175,76,0.013793103448275862,0.02476873472681269,-3.7910626022316856,-0.5751724137931035,,6.688806875123296e-12,True,True,7.500206772643482e-05,True
goals_oneway,away & opp_allows_few,4015,134,0.0112079701120797,0.02057997619832907,-4.671527656325474,-0.6927770859277709,,3046,105,0.0075508864084044645,0.02191135962005526,-6.465593682937387,-0.8154957321076822,,2.9896783490739685e-06,True,True,5.0450933876002344e-11,True
goals_oneway,away & game_total_high,5064,167,0.008886255924170616,0.02349548617314613,-8.634078617897737,-0.8272116903633492,,6238,210,0.012183392112856685,0.024215565830772723,-7.072740181685081,-0.6559474190445655,,5.920227432141468e-18,True,True,7.595187270241053e-13,True
goals_oneway,away & game_total_low,5663,185,0.011301430337277062,0.020728805418793458,-5.714272033493182,-0.6778209429630938,,2632,91,0.008738601823708206,0.02140747858803247,-5.5720495781004695,-0.8050911854103343,,1.1017463326413603e-08,True,True,1.2587987388147131e-08,True
goals_oneway,away & early_gp<5,2911,312,0.008244589488148402,0.02052426749256767,-6.443855238041906,-0.7955170044658193,,76,38,0.0,0.014972230411399126,-5.00861721734845,-1.0,,1.1647618796074492e-10,True,True,2.7411241489377194e-07,True
goals_oneway,away & books<=3,18773,618,0.009748042401321046,0.02216804183994815,-13.7411749546648,-0.7449102434347201,,15261,520,0.010156608348076798,0.023256180143531587,-12.605125483619325,-0.7126695498329073,,5.7534437265505605e-43,True,True,9.89287252950073e-37,True
goals_oneway,b2b & books<=3,5509,150,0.007623888182973317,0.023017053646452054,-8.507071413198304,-0.8435741513886368,,5256,160,0.01293759512937595,0.02332185314712368,-5.501911543664089,-0.6453576864535768,,1.783816709936548e-17,True,True,1.878477234102549e-08,True
goals_oneway,opp_allows_many & early_gp<5,380,105,0.002631578947368421,0.01792456356308262,-3.587678681448558,-0.8526315789473684,,21,11,0.0,0.019120114660687988,-2.591431734497486,-1.0,,0.00033363508803605364,True,True,0.0047788750976190345,True
goals_oneway,opp_allows_many & books<=3,8129,238,0.009718292532906877,0.02508596488001631,-10.230120385697479,-0.7736991019805634,,4326,143,0.012944983818770227,0.025874678101722632,-6.291389885404635,-0.6484049930651873,,1.4533859569948341e-24,True,True,1.5731798451945532e-10,True
goals_oneway,opp_allows_few & early_gp<5,434,119,0.004608294930875576,0.016572602279512044,-3.319356093470698,-0.8732718894009217,,26,12,0.0,0.017977028953837335,-2.962864177339945,-1.0,,0.0009022529494842297,True,True,0.001523955131205552,True
goals_oneway,opp_allows_few & books<=3,8256,241,0.011143410852713179,0.021609769346769173,-7.554843867301823,-0.7063953488372093,,6186,195,0.008406078241189783,0.0229696244752854,-8.597927477453274,-0.7691561590688651,,4.193626069936926e-14,True,True,4.058428131061928e-18,True
goals_oneway,game_total_high & early_gp<5,1012,102,0.011857707509881422,0.02170882678023856,-2.726114812699885,-0.7560770750988142,,49,23,0.0,0.01551267098145346,-4.007217693688775,-1.0,,0.006408470248101615,True,True,3.0719115036627036e-05,True
goals_oneway,game_total_high & books<=3,10228,167,0.009874853343762221,0.024707490250794394,-10.203224522107517,-0.8046098944075087,,12541,210,0.011881030220875529,0.02556847579527666,-9.983270993456037,-0.6730802966270633,,1.9179685345734276e-24,True,True,9.020949028952852e-24,True
goals_oneway,game_total_low & early_gp<5,1681,128,0.00892325996430696,0.020281109377133774,-4.20654212063739,-0.8108268887566924,,21,10,0.0,0.013726440137896664,-2.682510521506526,-1.0,,2.5930777163670628e-05,True,True,0.003653592660364006,True
goals_oneway,game_total_low & books<=3,11414,185,0.010513404590853337,0.021661682061405528,-8.940219528930143,-0.7243385316278255,,5314,91,0.009032743695897629,0.02190057742702608,-6.5608169838353465,-0.7608204742190441,,3.883980168497627e-19,True,True,2.6756883942196067e-11,True
