test,cell,n_d,rate_d,z_d,n_v,rate_v,z_v,exp_d,exp_v,survives
T1 prop yards (QB pass + all rush) vs total -> OVER,props imply LESS,69,0.5362318840579711,0.6019292654288468,89,0.5842696629213483,1.5899968200095396,,,False
T1 prop yards (QB pass + all rush) vs total -> OVER,middle,69,0.463768115942029,-0.601929265428846,68,0.5147058823529411,0.2425356250363321,,,False
T1 prop yards (QB pass + all rush) vs total -> OVER,props imply MORE,69,0.43478260869565216,-1.083472677771923,40,0.45,-0.6324555320336757,,,False
T2 QB pass-TD props vs total -> OVER,props imply LESS,70,0.6,1.6733200530681507,123,0.5121951219512195,0.2705008904002299,,,False
T2 QB pass-TD props vs total -> OVER,middle,69,0.4492753623188406,-0.8427009716003845,35,0.5714285714285714,0.8451542547285162,,,False
T2 QB pass-TD props vs total -> OVER,props imply MORE,70,0.38571428571428573,-1.9123657749350296,39,0.5641025641025641,0.8006407690254356,,,False
T3 receiving yards props vs total -> OVER,props imply LESS,70,0.5428571428571428,0.7171371656006355,90,0.5333333333333333,0.6324555320336758,,,False
T3 receiving yards props vs total -> OVER,middle,69,0.463768115942029,-0.601929265428846,56,0.6428571428571429,2.1380899352993956,,,False
T3 receiving yards props vs total -> OVER,props imply MORE,70,0.4142857142857143,-1.434274331201272,53,0.41509433962264153,-1.2362450755382008,,,False
T4 both RB1 carries lines vs total -> OVER,props imply LESS,63,0.5238095238095238,0.37796447300922764,93,0.5483870967741935,0.9332565252573819,,,False
T4 both RB1 carries lines vs total -> OVER,middle,63,0.3968253968253968,-1.6378460497066516,69,0.5507246376811594,0.8427009716003845,,,False
T4 both RB1 carries lines vs total -> OVER,props imply MORE,64,0.5,0.0,36,0.4444444444444444,-0.666666666666667,,,False
S1 RB1 carries diff (home-away) vs spread -> HOME COVER,props imply LESS,59,0.4915254237288136,-0.13018891098082352,59,0.5084745762711864,0.13018891098082352,,,False
S1 RB1 carries diff (home-away) vs spread -> HOME COVER,middle,60,0.5333333333333333,0.5163977794943222,69,0.4927536231884058,-0.12038585308576881,,,False
S1 RB1 carries diff (home-away) vs spread -> HOME COVER,props imply MORE,62,0.5,0.0,69,0.4492753623188406,-0.8427009716003845,,,False
S2 QB pass att diff (away-home) vs spread -> HOME COVER,props imply LESS,63,0.5079365079365079,0.12598815766974195,66,0.5454545454545454,0.7385489458759957,,,False
S2 QB pass att diff (away-home) vs spread -> HOME COVER,middle,62,0.532258064516129,0.5080005080007616,54,0.48148148148148145,-0.27216552697590907,,,False
S2 QB pass att diff (away-home) vs spread -> HOME COVER,props imply MORE,63,0.49206349206349204,-0.12598815766974283,76,0.4342105263157895,-1.1470786693528086,,,False
S3 QB pass yds diff (home-away) vs spread -> HOME COVER,props imply LESS,67,0.5373134328358209,0.6108472217815261,63,0.5714285714285714,1.133893419027681,,,False
S3 QB pass yds diff (home-away) vs spread -> HOME COVER,middle,66,0.5151515151515151,0.24618298195866523,61,0.45901639344262296,-0.6401843996644797,,,False
S3 QB pass yds diff (home-away) vs spread -> HOME COVER,props imply MORE,67,0.47761194029850745,-0.36650833306891584,73,0.4383561643835616,-1.0533703247651756,,,False
S4 rush yds diff (home-away) vs spread -> HOME COVER,props imply LESS,66,0.5454545454545454,0.7385489458759957,63,0.4603174603174603,-0.6299407883487124,,,False
S4 rush yds diff (home-away) vs spread -> HOME COVER,middle,66,0.48484848484848486,-0.24618298195866523,66,0.5303030303030303,0.49236596391733045,,,False
S4 rush yds diff (home-away) vs spread -> HOME COVER,props imply MORE,67,0.4925373134328358,-0.12216944435630557,69,0.463768115942029,-0.601929265428846,,,False
P1 pass_att line quintile,23.5-29,116,0.5517241379310345,0.9733738068264938,107,0.48598130841121495,-0.3884851603271818,0.5065951601084993,0.5047428162470801,False
P1 pass_att line quintile,29.5-30.5,156,0.4551282051282051,-1.1318052820530342,175,0.5314285714285715,0.7919943776431605,0.5003789493995189,0.5015201030025104,False
P1 pass_att line quintile,31.5-31.5,94,0.5319148936170213,0.5447542843695247,95,0.5263157894736842,0.5353000820609262,0.50386069112291,0.49887665768986444,False
P1 pass_att line quintile,32.5-33.5,188,0.48404255319148937,-0.5321763092727672,188,0.44148936170212766,-1.635709091220343,0.503429299486373,0.5010958421497802,False
P1 pass_att line quintile,34.5-40.5,195,0.441025641025641,-1.6749501552937829,121,0.4214876033057851,-1.680926001065031,0.50094281171435,0.49783771030601565,False
P2 pass_att juice,over juiced (fair>0.55),30,0.6666666666666666,1.1742131283891228,9,0.4444444444444444,-0.6814285544178504,0.5602790968559132,0.5572589675944215,False
P2 pass_att juice,near even,712,0.47752808988764045,-1.2477961474258012,672,0.4791666666666667,-1.1100803824076415,0.5008907462323683,0.5005635307781985,False
P2 pass_att juice,under juiced (fair<0.45),7,0.2857142857142857,-0.8173886294284143,5,0.6,0.7047713342380004,0.4390045727253168,0.4434279448602852,False
P1 pass_cmp line quintile,13.5-18.5,201,0.5920398009950248,0.7954245849107521,141,0.5177304964539007,0.2962295852957405,0.5649425502109968,0.5052754178923154,False
P1 pass_cmp line quintile,nan-nan,0,,,0,,,,,False
P1 pass_cmp line quintile,19.5-20.5,396,0.553030303030303,0.10964165069661515,234,0.5170940170940171,0.5560687308137191,0.5503909929833245,0.4989419701101156,False
P1 pass_cmp line quintile,21.5-23.5,229,0.5283842794759825,0.9423887184434583,248,0.46774193548387094,-0.9003313965383735,0.4972895966284493,0.49629122747487336,False
P1 pass_cmp line quintile,24.5-29.5,243,0.35802469135802467,0.1633085896695664,27,0.4074074074074074,-0.8419238109721445,0.35318432567887786,0.48829703348864795,False
P2 pass_cmp juice,over juiced (fair>0.55),216,0.6574074074074074,-1.214105494889198,8,0.625,0.3775950298620469,0.6948476062502379,0.5587198389362114,False
P2 pass_cmp juice,near even,626,0.5255591054313099,1.2718545723972208,628,0.49203821656050956,-0.366690438798417,0.500175167660177,0.4993461026623795,False
P2 pass_cmp juice,under juiced (fair<0.45),227,0.3303964757709251,1.027044181685708,14,0.5,0.42973068270872034,0.2996240382218806,0.4429562902201128,False
P1 pass_td line quintile,nan-nan,0,,,0,,,,,False
P1 pass_td line quintile,0.5-0.5,289,0.698961937716263,-0.7660368018846874,312,0.7275641025641025,-0.2690473195322878,0.7188167263373794,0.7341970911333172,False
P1 pass_td line quintile,nan-nan,0,,,0,,,,,False
P1 pass_td line quintile,1.5-1.5,451,0.3946784922394678,-0.714306780249523,392,0.43112244897959184,0.7211640481474134,0.41078488809914654,0.4136229728750853,False
P1 pass_td line quintile,2.5-3.5,237,0.18565400843881857,-0.7871610294421182,167,0.24550898203592814,0.8677963003781708,0.2059931138191045,0.21792992700456615,False
P2 pass_td juice,over juiced (fair>0.55),342,0.7017543859649122,-0.08736444622391966,351,0.7094017094017094,-0.36170085563393495,0.7038700721343526,0.7179359960486063,False
P2 pass_td juice,near even,95,0.49473684210526314,-0.029447215742669307,119,0.5042016806722689,0.1411707300799226,0.4962446181518309,0.49773972499495567,False
P2 pass_td juice,under juiced (fair<0.45),540,0.2537037037037037,-1.6565277553788593,401,0.3192019950124688,1.3030732086329102,0.2851029315277277,0.2902180392093028,False
P1 pass_yds line quintile,143.5-198.5,709,0.5669957686882934,-1.5561293164280376,920,0.566304347826087,-2.324761002798131,0.5947645890852249,0.6028455137637901,False
P1 pass_yds line quintile,199.5-219.5,710,0.5830985915492958,1.734012152293809,1297,0.5458750963762529,0.2775009764572844,0.5516227814606041,0.5421542489727765,False
P1 pass_yds line quintile,220.5-235.5,721,0.49653259361997226,-0.2562520284434419,654,0.4877675840978593,-0.17455725843913159,0.5011631893032231,0.49111802366358026,False
P1 pass_yds line quintile,236.5-258.5,706,0.5127478753541076,3.4791683920648047,968,0.43078512396694213,-1.4309195952976135,0.44928548143733904,0.45320823786214565,False
P1 pass_yds line quintile,259.5-349.5,732,0.4016393442622951,2.099650276873733,835,0.332934131736527,-1.294070031864164,0.3656031188730012,0.3539265206289077,False
P2 pass_yds juice,over juiced (fair>0.55),777,0.6821106821106822,-0.5626055292911734,1301,0.6356648731744812,-2.14076265877698,0.6912885182691777,0.6634506646797154,False
P2 pass_yds juice,near even,1916,0.5140918580375783,1.3352746915375486,1946,0.47327852004111,-2.3953465144634487,0.4988449532928507,0.5004146802348037,False
P2 pass_yds juice,under juiced (fair<0.45),885,0.3559322033898305,3.6062617430105544,1427,0.34688156972669937,1.0616577974768087,0.3012179115159575,0.3337498651344197,False
P1 rec_yds line quintile,0.5-18.5,2017,0.48636588993554786,-1.1855351271428587,1958,0.4525025536261491,-4.243713374648168,0.49954255708354806,0.5004431008668563,False
P1 rec_yds line quintile,19.5-29,3038,0.5236998025016458,-0.2705388455055952,3006,0.5292747837658017,-0.8744423447137726,0.5260756314976753,0.5370052703555748,False
P1 rec_yds line quintile,29.5-41.5,4389,0.48029163818637505,-0.1147979860172728,4135,0.4836759371221282,-2.2370560414333673,0.48111420454967324,0.5004398233526304,False
P1 rec_yds line quintile,42.5-58.5,2389,0.4792800334868146,2.2311842681023,3651,0.46261298274445356,-0.5904057302489064,0.457324541640909,0.4673203247707008,False
P1 rec_yds line quintile,59.5-149.5,3939,0.3719218075653719,-0.1403736536132532,3987,0.38776022071733135,-0.7553995803376509,0.3729576584562408,0.3934361625779238,False
P2 rec_yds juice,over juiced (fair>0.55),2571,0.6709451575262544,-0.30408410535675934,3440,0.6412790697674419,-1.5375609160286705,0.6737164702432337,0.6536420222753225,False
P2 rec_yds juice,near even,8007,0.4956912701386287,-0.6595993728620254,7592,0.47932033719704953,-3.784774493655221,0.49937513862216587,0.5010282220593656,False
P2 rec_yds juice,under juiced (fair<0.45),5194,0.30727762803234504,1.4671476935589434,5705,0.3272567922874671,-0.5370456350015782,0.29811554035275284,0.3305706873240116,False
P1 receptions line quintile,0.5-1.5,1008,0.6061507936507936,0.04547641093115527,886,0.5338600451467269,-2.559399815934501,0.6054796780496629,0.575116703187067,False
P1 receptions line quintile,nan-nan,0,,,0,,,,,False
P1 receptions line quintile,2.5-2.5,1389,0.5241180705543557,-0.8186496654142102,1207,0.5169842584921293,-1.4889051490483658,0.5345239119083691,0.5376692050037526,False
P1 receptions line quintile,3.5-4.5,2248,0.4390569395017794,-1.3420947831886787,2060,0.4519417475728155,-1.6251209420144557,0.4523678323380986,0.4689312322419205,False
P1 receptions line quintile,5.5-10.5,1280,0.32109375,-1.7791581963309187,1064,0.3543233082706767,-1.6351381833690546,0.34364984879175015,0.3779101149473805,False
P2 receptions juice,over juiced (fair>0.55),2070,0.6439613526570048,-2.450041831700351,1872,0.6228632478632479,-2.632858622767672,0.6688750632061998,0.6515759275277611,False
P2 receptions juice,near even,1113,0.49236298292902064,-0.40177262878148196,1023,0.4858260019550342,-0.8219200800799116,0.4983745451706533,0.4986541621840543,False
P2 receptions juice,under juiced (fair<0.45),2742,0.312180889861415,-0.5977774982647615,2322,0.3195521102497847,-2.41734276238333,0.31739958900528803,0.3431272549265218,False
P1 rush_att line quintile,0.5-3.5,192,0.4739583333333333,-0.783142515755736,245,0.5265306122448979,0.7945516966591104,0.5019879627445701,0.501365160075572,False
P1 rush_att line quintile,4.5-8.5,220,0.4863636363636364,-0.5001134203980886,338,0.47633136094674555,-0.7964522769571993,0.5031604007563542,0.4979208902543788,False
P1 rush_att line quintile,9.5-11.5,184,0.47282608695652173,-0.7894099493135498,147,0.41496598639455784,-2.1292003060788294,0.5018561430498785,0.5026156223137954,False
P1 rush_att line quintile,12.5-14.5,274,0.4744525547445255,-0.9901309288916789,247,0.4291497975708502,-2.276658882553849,0.5043061550526746,0.5014600599815688,False
P1 rush_att line quintile,15.5-23.5,236,0.4661016949152542,-1.0265793979666382,285,0.5087719298245614,0.38508305163388384,0.49947291350889456,0.49738197852594124,False
P2 rush_att juice,over juiced (fair>0.55),128,0.5234375,-1.112920137818301,145,0.593103448275862,0.6114039830755313,0.5720804672170801,0.567965946443997,False
P2 rush_att juice,near even,885,0.48135593220338985,-1.0965434490961057,979,0.473953013278856,-1.6113894062316598,0.49976099947373814,0.4996693933334001,False
P2 rush_att juice,under juiced (fair<0.45),93,0.34408602150537637,-1.6683991977019346,138,0.37681159420289856,-1.2223035316597093,0.42966900074215547,0.4282559564651124,False
P1 rush_yds line quintile,0.5-18.5,939,0.47710330138445156,-1.447838870785693,831,0.4681107099879663,-0.9914338343129507,0.5006876997107732,0.48515202543035013,False
P1 rush_yds line quintile,19.5-38.5,1598,0.4793491864831039,-1.71000485558179,1772,0.45146726862302483,-4.426517067505843,0.4996902432845504,0.5023194197224883,False
P1 rush_yds line quintile,39.5-48.5,933,0.4769560557341908,-3.1781384532424815,911,0.4665203073545554,-3.5654496589724047,0.5266850883759914,0.5233556291135792,True
P1 rush_yds line quintile,49.5-64.5,1754,0.45210946408209807,-2.9102853207118637,1885,0.4944297082228117,-0.2841399207722635,0.48578849605672636,0.49759063973189566,False
P1 rush_yds line quintile,65.5-280.5,1348,0.3249258160237389,-3.0054522669104355,1734,0.46251441753171857,4.956760443060907,0.36285495074502355,0.4057062793206969,False
P2 rush_yds juice,over juiced (fair>0.55),1113,0.637915543575921,-2.9226530312117873,1468,0.6096730245231607,-3.8094318973030483,0.678226711719901,0.6564654860999033,True
P2 rush_yds juice,near even,3553,0.45933014354066987,-4.844920788318578,3406,0.4932472108044627,-0.9210165117563508,0.49995086957379375,0.5011342493664733,False
P2 rush_yds juice,under juiced (fair<0.45),1906,0.28751311647429173,-1.1215647884767594,2259,0.3421868083222665,1.4508113475636308,0.29908587208802645,0.32799768937724055,False
