bucket,n_d,over_d,z_d,bias_d,sd_d,n_v,over_v,z_v,bias_v,sd_v
F1 both offenses top third,107,0.4672897196261682,-0.6767155423319646,0.24766355140186916,14.128349299315554,49,0.5510204081632653,0.7142857142857135,4.377551020408164,14.722619577061833
F1 both offenses bottom third,105,0.4380952380952381,-1.2686700948330931,0.04285714285714286,12.673434185962938,41,0.5609756097560976,0.7808688094430309,2.6463414634146343,13.938366072839665
F2 both defenses top third (good),111,0.5045045045045045,0.09491579957524893,2.3603603603603602,13.699232090484482,52,0.5,0.0,2.4711538461538463,11.338989416851712
F2 both defenses bottom third (bad),118,0.3898305084745763,-2.3934940065356405,-1.1355932203389831,13.202508991179513,40,0.55,0.6324555320336764,0.15,12.114940976818454
F3 top-third O vs top-third D (either way),186,0.4946236559139785,-0.14664711502135314,1.2688172043010753,13.355140550887988,104,0.4519230769230769,-0.98058067569092,0.7115384615384616,12.622351170303714
F4 both fast pace,90,0.4222222222222222,-1.4757295747452437,-0.75,13.790415577412915,9,0.4444444444444444,-0.3333333333333335,-0.3333333333333333,8.852965604812887
F4 both slow pace,101,0.5247524752475248,0.497518595104995,1.9207920792079207,14.69383079276254,132,0.5909090909090909,2.0889318714683744,1.628787878787879,13.567420171963425
F5 line < 40,99,0.41414141414141414,-1.7085642859406605,-0.3939393939393939,14.573927083986343,54,0.5370370370370371,0.5443310539518181,2.212962962962963,13.094937035391448
F5 line 40-44.5,324,0.46296296296296297,-1.3333333333333333,0.6805555555555556,12.651397394641894,190,0.5368421052631579,1.0156667501540164,1.3736842105263158,11.708873409235663
F5 line 45-48.5,261,0.47509578544061304,-0.8046797987672244,0.42337164750957856,14.157420918013576,136,0.5735294117647058,1.7149858514250873,1.4080882352941178,13.562503074706235
F5 line 49+,195,0.46153846153846156,-1.0741723110591488,-0.12051282051282051,12.474079919527224,68,0.5294117647058824,0.48507125007266605,2.764705882352941,13.75165406285522
F6 |spread| >= 7,278,0.49640287769784175,-0.11995202878081268,1.1025179856115108,13.462922507595582,133,0.5864661654135338,1.9943529299054754,1.4210526315789473,12.005497810230585
F6 |spread| < 3,205,0.3902439024390244,-3.1429363309631015,-1.424390243902439,12.28443101397697,105,0.5333333333333333,0.683130051063973,0.7952380952380952,12.719740721779829
F7 dome/closed,278,0.5251798561151079,0.8396642014656925,2.179856115107914,13.831895228456272,153,0.5163398692810458,0.40422604172722293,2.0751633986928106,12.602183817882683
F7 outdoors,601,0.43094841930116473,-3.385640618259217,-0.5615640599001663,12.943577695121217,295,0.5627118644067797,2.1542232860364536,1.5,12.837551210742467
F8 divisional,323,0.48606811145510836,-0.5007733956671913,0.43343653250773995,13.449505161352409,164,0.5487804878048781,1.2493900951088497,1.475609756097561,13.37746077105559
F8 non-divisional,556,0.4460431654676259,-2.5445667890399126,0.23111510791366907,13.19920497937763,284,0.545774647887324,1.542816155652011,1.823943661971831,12.389825014820625
F9 either team new QB,204,0.44607843137254904,-1.5403080924308101,-1.071078431372549,13.547984301519259,91,0.5934065934065934,1.782084222427261,2.818681318681319,12.695256437722557
F10 ref prior over-rate >= 0.55 (n>=30),106,0.5094339622641509,0.1942571724714528,1.0566037735849056,13.079850143803887,26,0.5384615384615384,0.39223227027636776,1.8846153846153846,13.02559610329423
F10 ref prior over-rate <= 0.45 (n>=30),323,0.4674922600619195,-1.1684712565567796,0.4613003095975232,13.252067253930678,145,0.5862068965517241,2.076136996343498,3.0965517241379312,12.306882750185764
F11 weeks 4-9,349,0.4297994269340974,-2.622909865103728,-0.1504297994269341,13.201940866055779,177,0.576271186440678,2.0294442756076387,2.3022598870056497,11.628989808010077
F11 weeks 10-14,291,0.4639175257731959,-1.2310418016971527,-0.24570446735395188,13.148447152392402,143,0.48951048951048953,-0.2508726030021267,0.7552447552447552,12.491809588921463
F11 weeks 15-18,239,0.502092050209205,0.0646846227353144,1.6422594142259415,13.53010387395398,128,0.5703125,1.590990257669732,1.91015625,14.436452330157348
F12 primetime (Thu/Mon or >=20:00),190,0.4052631578947368,-2.6117145003960425,-1.0315789473684212,13.67939989987567,103,0.5048543689320388,0.09853292781642928,0.11650485436893204,14.58649050701541
