snap,cut,bets,roi,roi_se,ev,clv,clv_se
EARLY,POOLED,35,0.19994576320681393,0.15081056159269235,0.027521968984404458,0.009046316354822405,0.008315552798227117
EARLY,season=2022,27,0.13896682281018743,0.17439820864698716,0.028183589950543066,0.0062258480292531684,0.010606704474421271
EARLY,season=2023,8,0.4057496870454283,0.3069076336320662,0.025288998223686653,0.018565396953618578,0.006506038834367401
EARLY,point=6.0/pin=5.5,5,0.15391925485383434,0.4711033933486859,0.028438131894579298,0.0052345868196358005,0.005795726463894279
EARLY,point=6.0/pin=6.5,8,0.057019159911569584,0.3262505050591535,0.025687004131075053,0.003197063782901355,0.026772695716910377
EARLY,point=6.5/pin=6.0,14,0.21324106134258813,0.250933199557364,0.02853991228548023,0.012639904234418183,0.013523085765924463
EARLY,point=6.5/pin=7.0,3,0.2021505376344086,0.601078154146998,0.02441438459010285,-0.006039623437558779,0.012886831585734733
EARLY,point=7.0/pin=6.5,5,0.43610513739546003,0.3593443361928942,0.028556059233125465,0.021206367817643224,0.016196572168374716
EARLY,side=Over,11,0.09660044474507114,0.27260246664714294,0.02533992607444627,0.0006779672682304092,0.019381831378850908
EARLY,side=Under,24,0.2473123675017794,0.18415244409630663,0.028522071984801962,0.01288180968617707,0.00849564456186108
EARLY,book=betmgm,5,0.12239789196310938,0.45837365614462955,0.02638708863798519,0.01485747552423088,0.032672034838347366
EARLY,book=betonlineag,3,-0.37931034482758624,0.6206896551724138,0.02886458444338304,-0.03423430979195097,0.028159483909575695
EARLY,book=betrivers,3,0.25779451768152334,0.6293050677828942,0.02438283966967884,0.03460537280923709,0.03775997609521895
EARLY,book=bovada,6,0.550302890882601,0.31129609136956526,0.03714426871368972,-0.01143294393076355,0.025931382244834145
EARLY,book=draftkings,5,0.10848484848484859,0.4528822095027733,0.02347518894318774,0.018891857179846337,0.0012749049974045568
EARLY,book=fanduel,4,0.3650902132312739,0.4551327079802259,0.025530781837803898,0.005922587407781121,0.015175609863644126
EARLY,book=lowvig,7,-0.037576230839246216,0.36149101263427924,0.02514534862177206,0.01679393411071084,0.016157402604645286
EARLY,book=williamhill_us,2,0.8545454545454546,0.054545454545454564,0.02660453711167371,0.03705549751251033,0.02137016789303478
CLOSE,POOLED,17,-0.29254762855785865,0.24133679472815395,0.0322458226374703,0.03224582263747029,0.003468728194199002
CLOSE,season=2022,13,-0.42563920657566146,0.24874498319245472,0.030709252209482677,0.030709252209482677,0.004238970978655477
CLOSE,season=2023,4,0.14000000000000012,0.6589891248470393,0.03723967652843006,0.03723967652843006,0.005316107947971831
CLOSE,point=5.5/pin=6.0,1,-1.0,,0.033929256426038,0.033929256426038,
CLOSE,point=6.0/pin=5.5,3,0.2595520421607378,0.6298793747640752,0.02175313837070675,0.02175313837070675,0.0006915038819279997
CLOSE,point=6.0/pin=6.5,9,-0.5518518518518518,0.29799282818815875,0.03179927665328675,0.03179927665328675,0.005634865893496875
CLOSE,point=6.5/pin=6.0,2,-1.0,0.0,0.03193864923342443,0.03193864923342443,0.0045306446658361366
CLOSE,point=6.5/pin=7.0,2,1.1073504273504275,0.2526495726495728,0.049459762476203595,0.049459762476203595,0.0027324475023921546
CLOSE,side=Over,9,-0.5902184235517569,0.2710508846234598,0.034809928414670996,0.034809928414670996,0.005661202369268165
CLOSE,side=Under,8,0.042332015810276735,0.3977134187135081,0.02936120363811951,0.02936120363811951,0.0038716949830591026
CLOSE,book=betmgm,2,-1.0,0.0,0.02150141847150136,0.02150141847150136,0.0009398415785704384
CLOSE,book=betonlineag,3,-1.0,0.0,0.043182996885630896,0.043182996885630896,0.015279658697231633
CLOSE,book=bovada,1,-1.0,,0.038731316507950475,0.038731316507950475,
CLOSE,book=draftkings,2,1.2800000000000002,0.08000000000000007,0.0398290630470044,0.0398290630470044,0.012363146931591351
CLOSE,book=lowvig,6,-0.37928898798464017,0.39257680352107255,0.03022002318060868,0.03022002318060868,0.0043188526619266435
CLOSE,book=williamhill_us,3,0.24747474747474754,0.6241206445235716,0.02530585851716277,0.02530585851716277,0.0038502300638594083
