snap,cut,bets,roi,se,lo90,ev,clv
CLOSE,pooled,150,-0.008108389179118235,0.10550667599700508,-0.18165632052659192,0.03386398063326653,0.03386398063326653
CLOSE,season=2024,68,-0.10319095653822016,0.15669632651144974,,0.032188027278782415,0.032188027278782415
CLOSE,season=2025,82,0.07074056911867362,0.14301481487574041,,0.035253795610155805,0.035253795610155805
CLOSE,market=h2h,68,-0.02793759985920825,0.16194179310590925,,0.03596452590934958,0.03596452590934958
CLOSE,market=spreads,42,-0.06560599453456598,0.19277990759620453,,0.031845396075384044,0.031845396075384044
CLOSE,market=totals,40,0.08597375460025491,0.1595723987060868,,0.03241256744970198,0.03241256744970198
CLOSE,bookmaker=betmgm,6,0.4092320261437909,0.47502521595902225,,0.027723478696642156,0.027723478696642156
CLOSE,bookmaker=betonlineag,16,-0.17497035573122527,0.2916624414031022,,0.033829682504290165,0.033829682504290165
CLOSE,bookmaker=betrivers,15,-0.2568379204892966,0.343463412013063,,0.02848311265457378,0.02848311265457378
CLOSE,bookmaker=bovada,52,-0.1740259384490154,0.1684744873630863,,0.04205707453638692,0.04205707453638692
CLOSE,bookmaker=draftkings,2,-1.0,0.0,,0.020872605904439068,0.020872605904439068
CLOSE,bookmaker=fanduel,8,0.4099999999999999,0.5379292306083181,,0.024499983550268944,0.024499983550268944
CLOSE,bookmaker=lowvig,17,0.13418694388486208,0.34411008048106095,,0.03535895153683056,0.03535895153683056
CLOSE,bookmaker=williamhill_us,34,0.24907690348866818,0.21194045784781868,,0.027027043549812033,0.027027043549812033
CLOSE,"ev=(0.02, 0.03]",87,-0.04298581797397229,0.12314687164031135,,0.02434919420151191,0.02434919420151191
CLOSE,"ev=(0.03, 0.05]",42,0.020300809534763948,0.2137215701496388,,0.03775081293319168,0.03775081293319168
CLOSE,"ev=(0.05, 0.1]",21,0.07956541840036985,0.29139260104843334,,0.06550871696497111,0.06550871696497111
EARLY,pooled,55,-0.03233590810061399,0.15165365223890148,-0.28179100066838303,0.02605059274270938,0.026952434603391088
EARLY,season=2024,31,0.048387096774193505,0.2087799153887151,,0.02559363252984458,0.024956821861448448
EARLY,season=2025,24,-0.13660312273057373,0.22241178226774125,,0.026640833017659748,0.029280649468990835
EARLY,market=h2h,18,-0.04722222222222225,0.2932205727514303,,0.025101517715264785,0.015478313686197379
EARLY,market=spreads,21,-0.10853615520282191,0.25823537993135676,,0.026464599922014585,0.03821450223071581
EARLY,market=totals,16,0.08442401960784313,0.23844285584712643,,0.026574917725746466,0.024647108167673203
EARLY,bookmaker=betmgm,9,-0.03316388283708544,0.3219113020379998,,0.026993019836220686,0.02948767456158663
EARLY,bookmaker=betonlineag,3,0.6666666666666666,0.8746300805356387,,0.02175887470607026,-0.010970241558348212
EARLY,bookmaker=betrivers,29,-0.13517241379310344,0.20527682900060984,,0.025570760706055105,0.02880836050504853
EARLY,bookmaker=bovada,1,1.15,,,0.026490066225165476,0.02861699300079734
EARLY,bookmaker=draftkings,4,0.3599999999999999,0.7858753081755399,,0.025264508107566974,0.07333105597214684
EARLY,bookmaker=fanduel,6,-0.22166666666666668,0.49275021844518524,,0.027648693761839538,-0.011377637274851693
EARLY,bookmaker=lowvig,2,-1.0,0.0,,0.02783137754451437,0.021020638020828264
EARLY,bookmaker=williamhill_us,1,1.1799999999999997,,,0.03391372141372151,0.12499352464044677
EARLY,"ev=(0.02, 0.03]",44,0.014343929490988304,0.1719747767477729,,0.023675678384984855,0.021763457687013814
EARLY,"ev=(0.03, 0.05]",11,-0.21905525846702323,0.3285039298554943,,0.035550250173607474,0.04874613765217563
