snapshot_utc,kick_et,game,market,side,hr_point,hr_price,market_point,point_gap,hr_price_edge_pp,n_ref_books,call,reason
2026-10-03T15:26:32Z,12:00,Alabama Crimson Tide @ Mississippi State Bu,h2h,Alabama Crimson Tide,,-220.0,,,,9,PASS,
2026-10-03T15:26:32Z,12:00,Alabama Crimson Tide @ Mississippi State Bu,h2h,Mississippi State Bu,,180.0,,,,9,PASS,
2026-10-03T15:26:32Z,12:00,Alabama Crimson Tide @ Mississippi State Bu,spreads,Alabama Crimson Tide,-5.5,-110.0,-5.5,0.0,-0.23,8,PASS,
2026-10-03T15:26:32Z,12:00,Alabama Crimson Tide @ Mississippi State Bu,spreads,Mississippi State Bu,5.5,-110.0,5.5,0.0,-0.11,8,PICK,"Four layers agree: 2pt week move toward MSU, total +2.5, ESPN's model flags Alabama on upset alert, MSU QB Taylor in form at home. HR total 61.5 is 1pt under market."
2026-10-03T15:26:32Z,12:00,Alabama Crimson Tide @ Mississippi State Bu,totals,Over,61.5,-115.0,62.5,-1.0,,0,PASS,
2026-10-03T15:26:32Z,12:00,Alabama Crimson Tide @ Mississippi State Bu,totals,Under,61.5,-105.0,62.5,-1.0,,0,PASS,
2026-10-03T15:26:32Z,12:00,Boston College Eagle @ SMU Mustangs,h2h,Boston College Eagle,,900.0,,,,9,PASS,
2026-10-03T15:26:32Z,12:00,Boston College Eagle @ SMU Mustangs,h2h,SMU Mustangs,,-2000.0,,,,9,PASS,
2026-10-03T15:26:32Z,12:00,Boston College Eagle @ SMU Mustangs,spreads,Boston College Eagle,21.5,-115.0,21.5,0.0,-0.22,5,PASS,
2026-10-03T15:26:32Z,12:00,Boston College Eagle @ SMU Mustangs,spreads,SMU Mustangs,-21.5,-105.0,-21.5,0.0,0.0,5,PASS,
2026-10-03T15:26:32Z,12:00,Boston College Eagle @ SMU Mustangs,totals,Over,55.5,-110.0,55.5,0.0,-0.46,8,PASS,
2026-10-03T15:26:32Z,12:00,Boston College Eagle @ SMU Mustangs,totals,Under,55.5,-110.0,55.5,0.0,0.45,8,PASS,
2026-10-03T15:26:32Z,12:00,Michigan Wolverines @ Minnesota Golden Gop,h2h,Michigan Wolverines,,-230.0,,,,9,PASS,
2026-10-03T15:26:32Z,12:00,Michigan Wolverines @ Minnesota Golden Gop,h2h,Minnesota Golden Gop,,190.0,,,,9,PASS,
2026-10-03T15:26:32Z,12:00,Michigan Wolverines @ Minnesota Golden Gop,spreads,Michigan Wolverines,-6.5,-105.0,-6.5,0.0,0.0,5,PASS,
2026-10-03T15:26:32Z,12:00,Michigan Wolverines @ Minnesota Golden Gop,spreads,Minnesota Golden Gop,6.5,-115.0,6.5,0.0,0.0,5,LEAN,"HR +6.5 vs market +6.0; home dog, Michigan off a loss to Iowa, Little Brown Jug. No news edge - taking the half point."
2026-10-03T15:26:32Z,12:00,Michigan Wolverines @ Minnesota Golden Gop,totals,Over,41.5,-110.0,42.5,-1.0,0.45,1,PASS,
2026-10-03T15:26:32Z,12:00,Michigan Wolverines @ Minnesota Golden Gop,totals,Under,41.5,-110.0,42.5,-1.0,-0.46,1,PASS,
2026-10-03T15:26:32Z,12:00,Middle Tennessee Blu @ Kansas Jayhawks,h2h,Kansas Jayhawks,,-2500.0,,,,9,PASS,
2026-10-03T15:26:32Z,12:00,Middle Tennessee Blu @ Kansas Jayhawks,h2h,Middle Tennessee Blu,,1000.0,,,,9,PASS,
2026-10-03T15:26:32Z,12:00,Middle Tennessee Blu @ Kansas Jayhawks,spreads,Kansas Jayhawks,-20.5,-110.0,-21.0,0.5,0.45,1,PASS,
2026-10-03T15:26:32Z,12:00,Middle Tennessee Blu @ Kansas Jayhawks,spreads,Middle Tennessee Blu,20.5,-110.0,21.0,-0.5,0.45,1,PASS,
2026-10-03T15:26:32Z,12:00,Middle Tennessee Blu @ Kansas Jayhawks,totals,Over,50.5,-105.0,50.5,0.0,1.16,4,PASS,
2026-10-03T15:26:32Z,12:00,Middle Tennessee Blu @ Kansas Jayhawks,totals,Under,50.5,-115.0,50.5,0.0,-1.11,4,PASS,
2026-10-03T15:26:32Z,12:00,Navy Midshipmen @ Air Force Falcons,h2h,Air Force Falcons,,-160.0,,,,9,PASS,
2026-10-03T15:26:32Z,12:00,Navy Midshipmen @ Air Force Falcons,h2h,Navy Midshipmen,,130.0,,,,9,PASS,
2026-10-03T15:26:32Z,12:00,Navy Midshipmen @ Air Force Falcons,spreads,Air Force Falcons,-2.5,-125.0,-3.0,0.5,-0.6,4,PASS,
2026-10-03T15:26:32Z,12:00,Navy Midshipmen @ Air Force Falcons,spreads,Navy Midshipmen,2.5,100.0,3.0,-0.5,-0.98,4,PASS,
2026-10-03T15:26:32Z,12:00,Navy Midshipmen @ Air Force Falcons,totals,Over,45.5,-115.0,45.5,0.0,-1.11,9,PASS,
2026-10-03T15:26:32Z,12:00,Navy Midshipmen @ Air Force Falcons,totals,Under,45.5,-110.0,45.5,0.0,0.0,9,PASS,
2026-10-03T15:26:32Z,12:00,Notre Dame Fighting  @ North Carolina Tar H,h2h,North Carolina Tar H,,1400.0,,,,9,PASS,
2026-10-03T15:26:32Z,12:00,Notre Dame Fighting  @ North Carolina Tar H,h2h,Notre Dame Fighting ,,-5000.0,,,,9,PASS,
2026-10-03T15:26:32Z,12:00,Notre Dame Fighting  @ North Carolina Tar H,spreads,North Carolina Tar H,21.5,-110.0,21.0,0.5,1.75,3,LEAN,"ND WR Quincy Porter out for the season, total fell 3pts, and HR gives +21.5 vs market +21. Spread itself barely moved, so this is a number play not a signal play."
2026-10-03T15:26:32Z,12:00,Notre Dame Fighting  @ North Carolina Tar H,spreads,Notre Dame Fighting ,-21.5,-110.0,-21.0,-0.5,-1.64,3,PASS,
2026-10-03T15:26:32Z,12:00,Notre Dame Fighting  @ North Carolina Tar H,totals,Over,47.5,-105.0,46.5,1.0,,0,PASS,
2026-10-03T15:26:32Z,12:00,Notre Dame Fighting  @ North Carolina Tar H,totals,Under,47.5,-115.0,46.5,1.0,,0,PASS,
2026-10-03T15:26:32Z,12:00,Stanford Cardinal @ Wake Forest Demon De,h2h,Stanford Cardinal,,475.0,,,,9,PASS,
2026-10-03T15:26:32Z,12:00,Stanford Cardinal @ Wake Forest Demon De,h2h,Wake Forest Demon De,,-700.0,,,,9,PASS,
2026-10-03T15:26:32Z,12:00,Stanford Cardinal @ Wake Forest Demon De,spreads,Stanford Cardinal,14.5,-110.0,14.5,0.0,-0.11,8,PASS,
2026-10-03T15:26:32Z,12:00,Stanford Cardinal @ Wake Forest Demon De,spreads,Wake Forest Demon De,-14.5,-110.0,-14.5,0.0,-0.11,8,PASS,
2026-10-03T15:26:32Z,12:00,Stanford Cardinal @ Wake Forest Demon De,totals,Over,53.5,-110.0,54.0,-0.5,0.89,3,PASS,
2026-10-03T15:26:32Z,12:00,Stanford Cardinal @ Wake Forest Demon De,totals,Under,53.5,-110.0,54.0,-0.5,-1.16,3,PASS,
2026-10-03T15:26:32Z,12:00,Syracuse Orange @ UConn Huskies,h2h,Syracuse Orange,,-275.0,,,,9,PASS,
2026-10-03T15:26:32Z,12:00,Syracuse Orange @ UConn Huskies,h2h,UConn Huskies,,220.0,,,,9,PASS,
2026-10-03T15:26:32Z,12:00,Syracuse Orange @ UConn Huskies,spreads,Syracuse Orange,-6.5,-115.0,-6.5,0.0,0.0,7,PASS,
2026-10-03T15:26:32Z,12:00,Syracuse Orange @ UConn Huskies,spreads,UConn Huskies,6.5,-105.0,6.5,0.0,-0.24,7,PASS,
2026-10-03T15:26:32Z,12:00,Syracuse Orange @ UConn Huskies,totals,Over,50.5,-120.0,51.5,-1.0,,0,PASS,
2026-10-03T15:26:32Z,12:00,Syracuse Orange @ UConn Huskies,totals,Under,50.5,-105.0,51.5,-1.0,,0,PASS,
2026-10-03T15:26:32Z,12:00,UCF Knights @ Houston Cougars,h2h,Houston Cougars,,-375.0,,,,9,PASS,
2026-10-03T15:26:32Z,12:00,UCF Knights @ Houston Cougars,h2h,UCF Knights,,300.0,,,,9,PASS,
2026-10-03T15:26:32Z,12:00,UCF Knights @ Houston Cougars,spreads,Houston Cougars,-10.5,-110.0,-10.5,0.0,0.0,9,PASS,
2026-10-03T15:26:32Z,12:00,UCF Knights @ Houston Cougars,spreads,UCF Knights,10.5,-110.0,10.5,0.0,0.0,9,PASS,
2026-10-03T15:26:32Z,12:00,UCF Knights @ Houston Cougars,totals,Over,50.5,-110.0,50.0,0.5,0.23,4,PASS,
2026-10-03T15:26:32Z,12:00,UCF Knights @ Houston Cougars,totals,Under,50.5,-110.0,50.0,0.5,0.0,4,PASS,
2026-10-03T15:26:32Z,12:00,West Virginia Mounta @ Iowa State Cyclones,h2h,Iowa State Cyclones,,-170.0,,,,9,PICK,"WVU out WR Weaver-Bomar, RB Devine, nickel Snyder, DL Wiley(season); 5.5pt week move ISU +2.5 dog -> -3 fav, biggest P4 move. ML not spread: HR's -3.5 is WORSE than market -3.0, and 10.9% of FBS games land on exactly 3."
2026-10-03T15:26:32Z,12:00,West Virginia Mounta @ Iowa State Cyclones,h2h,West Virginia Mounta,,135.0,,,,9,PASS,
2026-10-03T15:26:32Z,12:00,West Virginia Mounta @ Iowa State Cyclones,spreads,Iowa State Cyclones,-3.5,100.0,-3.0,-0.5,,0,PASS,
2026-10-03T15:26:32Z,12:00,West Virginia Mounta @ Iowa State Cyclones,spreads,West Virginia Mounta,3.5,-120.0,3.0,0.5,,0,PASS,
2026-10-03T15:26:32Z,12:00,West Virginia Mounta @ Iowa State Cyclones,totals,Over,53.5,-110.0,53.0,0.5,-0.11,4,PASS,
2026-10-03T15:26:32Z,12:00,West Virginia Mounta @ Iowa State Cyclones,totals,Under,53.5,-110.0,53.0,0.5,0.0,4,PASS,
2026-10-03T15:26:32Z,12:30,Michigan State Spart @ Wisconsin Badgers,h2h,Michigan State Spart,,275.0,,,,9,PASS,
2026-10-03T15:26:32Z,12:30,Michigan State Spart @ Wisconsin Badgers,h2h,Wisconsin Badgers,,-350.0,,,,9,PASS,
2026-10-03T15:26:32Z,12:30,Michigan State Spart @ Wisconsin Badgers,spreads,Michigan State Spart,8.5,-110.0,8.5,0.0,0.23,4,PASS,
2026-10-03T15:26:32Z,12:30,Michigan State Spart @ Wisconsin Badgers,spreads,Wisconsin Badgers,-8.5,-110.0,-8.5,0.0,0.0,4,PASS,
2026-10-03T15:26:32Z,12:30,Michigan State Spart @ Wisconsin Badgers,totals,Over,43.5,-105.0,43.5,0.0,0.7,7,PASS,
2026-10-03T15:26:32Z,12:30,Michigan State Spart @ Wisconsin Badgers,totals,Under,43.5,-115.0,43.5,0.0,-1.11,7,PASS,
2026-10-03T15:26:32Z,12:45,Vanderbilt Commodore @ Georgia Bulldogs,h2h,Georgia Bulldogs,,-10000.0,,,,9,PASS,
2026-10-03T15:26:32Z,12:45,Vanderbilt Commodore @ Georgia Bulldogs,h2h,Vanderbilt Commodore,,1600.0,,,,9,PASS,
2026-10-03T15:26:32Z,12:45,Vanderbilt Commodore @ Georgia Bulldogs,spreads,Georgia Bulldogs,-24.5,-115.0,-25.0,0.5,0.0,3,LEAN,"HR -24.5 vs market -25. Rests on a NOISY base rate (favourites laying 22-28 with total<=52 covered 53.5%, n=101) that I already flagged as noise. Weakest lean here."
2026-10-03T15:26:32Z,12:45,Vanderbilt Commodore @ Georgia Bulldogs,spreads,Vanderbilt Commodore,24.5,-105.0,25.0,-0.5,0.0,3,PASS,
2026-10-03T15:26:32Z,12:45,Vanderbilt Commodore @ Georgia Bulldogs,totals,Over,50.5,-110.0,50.5,0.0,1.0,6,PASS,
2026-10-03T15:26:32Z,12:45,Vanderbilt Commodore @ Georgia Bulldogs,totals,Under,50.5,-110.0,50.5,0.0,-1.16,6,PASS,
2026-10-03T15:26:32Z,13:00,Western Michigan Bro @ Buffalo Bulls,h2h,Buffalo Bulls,,475.0,,,,9,PASS,
2026-10-03T15:26:32Z,13:00,Western Michigan Bro @ Buffalo Bulls,h2h,Western Michigan Bro,,-700.0,,,,9,PASS,
2026-10-03T15:26:32Z,13:00,Western Michigan Bro @ Buffalo Bulls,spreads,Buffalo Bulls,12.5,-110.0,12.5,0.0,0.0,7,PASS,
2026-10-03T15:26:32Z,13:00,Western Michigan Bro @ Buffalo Bulls,spreads,Western Michigan Bro,-12.5,-110.0,-12.5,0.0,0.0,7,PASS,
2026-10-03T15:26:32Z,13:00,Western Michigan Bro @ Buffalo Bulls,totals,Over,46.5,-110.0,46.0,0.5,-0.69,2,PASS,
2026-10-03T15:26:32Z,13:00,Western Michigan Bro @ Buffalo Bulls,totals,Under,46.5,-110.0,46.0,0.5,1.0,2,PASS,
2026-10-03T15:26:32Z,14:00,Toledo Rockets @ Ball State Cardinals,h2h,Ball State Cardinals,,1200.0,,,,9,PASS,
2026-10-03T15:26:32Z,14:00,Toledo Rockets @ Ball State Cardinals,h2h,Toledo Rockets,,-3000.0,,,,9,PASS,
2026-10-03T15:26:32Z,14:00,Toledo Rockets @ Ball State Cardinals,spreads,Ball State Cardinals,20.5,-105.0,21.0,-0.5,0.0,3,PASS,
2026-10-03T15:26:32Z,14:00,Toledo Rockets @ Ball State Cardinals,spreads,Toledo Rockets,-20.5,-120.0,-21.0,0.5,-1.06,3,LEAN,"4.5pt week move to Toledo and HR gives -20.5 vs market -21. Move-following, no cause found."
2026-10-03T15:26:32Z,14:00,Toledo Rockets @ Ball State Cardinals,totals,Over,51.5,-110.0,51.75,-0.25,1.11,4,PASS,
2026-10-03T15:26:32Z,14:00,Toledo Rockets @ Ball State Cardinals,totals,Under,51.5,-110.0,51.75,-0.25,-1.16,4,PASS,
2026-10-03T15:26:32Z,15:30,Akron Zips @ Central Michigan Chi,h2h,Akron Zips,,225.0,,,,9,PASS,
2026-10-03T15:26:32Z,15:30,Akron Zips @ Central Michigan Chi,h2h,Central Michigan Chi,,-275.0,,,,9,PASS,
2026-10-03T15:26:32Z,15:30,Akron Zips @ Central Michigan Chi,spreads,Akron Zips,6.5,100.0,7.0,-0.5,0.5,3,PASS,
2026-10-03T15:26:32Z,15:30,Akron Zips @ Central Michigan Chi,spreads,Central Michigan Chi,-6.5,-125.0,-7.0,0.5,-1.85,3,PASS,
2026-10-03T15:26:32Z,15:30,Akron Zips @ Central Michigan Chi,totals,Over,47.5,-110.0,47.5,0.0,-1.16,5,PASS,
2026-10-03T15:26:32Z,15:30,Akron Zips @ Central Michigan Chi,totals,Under,47.5,-110.0,47.5,0.0,0.89,5,PASS,
2026-10-03T15:26:32Z,15:30,Auburn Tigers @ Tennessee Volunteers,h2h,Auburn Tigers,,200.0,,,,9,PASS,
2026-10-03T15:26:32Z,15:30,Auburn Tigers @ Tennessee Volunteers,h2h,Tennessee Volunteers,,-260.0,,,,9,PASS,
2026-10-03T15:26:32Z,15:30,Auburn Tigers @ Tennessee Volunteers,spreads,Auburn Tigers,6.5,100.0,6.5,0.0,1.22,8,PASS,
2026-10-03T15:26:32Z,15:30,Auburn Tigers @ Tennessee Volunteers,spreads,Tennessee Volunteers,-6.5,-120.0,-6.5,0.0,-1.72,8,PASS,
2026-10-03T15:26:32Z,15:30,Auburn Tigers @ Tennessee Volunteers,totals,Over,54.5,-110.0,54.0,0.5,-1.16,4,PASS,
2026-10-03T15:26:32Z,15:30,Auburn Tigers @ Tennessee Volunteers,totals,Under,54.5,-110.0,54.0,0.5,1.11,4,PASS,
2026-10-03T15:26:32Z,15:30,Bowling Green Falcon @ Miami (OH) RedHawks,h2h,Bowling Green Falcon,,425.0,,,,9,PASS,
2026-10-03T15:26:32Z,15:30,Bowling Green Falcon @ Miami (OH) RedHawks,h2h,Miami (OH) RedHawks,,-650.0,,,,9,PASS,
2026-10-03T15:26:32Z,15:30,Bowling Green Falcon @ Miami (OH) RedHawks,spreads,Bowling Green Falcon,11.5,-110.0,10.5,1.0,0.67,1,PICK,"Miami OH starting its THIRD QB - McComb out (upper body), Gotkowski out for season - plus 2 WR and a TE out, 4 more questionable. Market moved 5pts to BG and the total collapsed 9. AND HR gives BG +11.5 vs market +10.5, a full point. Best combo on the board: identified cause, confirmed move, better number."
2026-10-03T15:26:32Z,15:30,Bowling Green Falcon @ Miami (OH) RedHawks,spreads,Miami (OH) RedHawks,-11.5,-110.0,-10.5,-1.0,0.0,1,PASS,
2026-10-03T15:26:32Z,15:30,Bowling Green Falcon @ Miami (OH) RedHawks,totals,Over,42.5,-115.0,41.5,1.0,-0.66,2,PASS,
2026-10-03T15:26:32Z,15:30,Bowling Green Falcon @ Miami (OH) RedHawks,totals,Under,42.5,-110.0,41.5,1.0,0.34,2,PASS,
2026-10-03T15:26:32Z,15:30,California Golden Be @ UNLV Rebels,h2h,California Golden Be,,100.0,,,,9,PASS,
2026-10-03T15:26:32Z,15:30,California Golden Be @ UNLV Rebels,h2h,UNLV Rebels,,-125.0,,,,9,PASS,
2026-10-03T15:26:32Z,15:30,California Golden Be @ UNLV Rebels,spreads,California Golden Be,1.5,-105.0,1.5,0.0,1.05,6,PASS,
2026-10-03T15:26:32Z,15:30,California Golden Be @ UNLV Rebels,spreads,UNLV Rebels,-1.5,-115.0,-1.5,0.0,-1.11,6,LEAN,"Cal RB Vargas out, 3 WRs questionable; 3pt week move to UNLV; 89F in Vegas. But 1pt retraced in the last 2h."
2026-10-03T15:26:32Z,15:30,California Golden Be @ UNLV Rebels,totals,Over,53.5,-110.0,52.5,1.0,-0.23,1,PASS,
2026-10-03T15:26:32Z,15:30,California Golden Be @ UNLV Rebels,totals,Under,53.5,-110.0,52.5,1.0,0.89,1,PASS,
2026-10-03T15:26:32Z,15:30,Eastern Michigan Eag @ UMass Minutemen,h2h,Eastern Michigan Eag,,180.0,,,,9,PASS,
2026-10-03T15:26:32Z,15:30,Eastern Michigan Eag @ UMass Minutemen,h2h,UMass Minutemen,,-225.0,,,,9,PASS,
2026-10-03T15:26:32Z,15:30,Eastern Michigan Eag @ UMass Minutemen,spreads,Eastern Michigan Eag,5.5,-105.0,5.5,0.0,1.16,4,PASS,
2026-10-03T15:26:32Z,15:30,Eastern Michigan Eag @ UMass Minutemen,spreads,UMass Minutemen,-5.5,-115.0,-5.5,0.0,-1.11,4,LEAN,3pt week move to UMass in a first-place MAC game at home. Move-following only.
2026-10-03T15:26:32Z,15:30,Eastern Michigan Eag @ UMass Minutemen,totals,Over,48.5,-110.0,48.5,0.0,0.0,7,PASS,
2026-10-03T15:26:32Z,15:30,Eastern Michigan Eag @ UMass Minutemen,totals,Under,48.5,-110.0,48.5,0.0,-0.46,7,PASS,
2026-10-03T15:26:32Z,15:30,Florida Gators @ Missouri Tigers,h2h,Florida Gators,,-225.0,,,,9,PASS,
2026-10-03T15:26:32Z,15:30,Florida Gators @ Missouri Tigers,h2h,Missouri Tigers,,180.0,,,,9,PASS,
2026-10-03T15:26:32Z,15:30,Florida Gators @ Missouri Tigers,spreads,Florida Gators,-5.5,-115.0,-5.5,0.0,-1.34,6,PASS,
2026-10-03T15:26:32Z,15:30,Florida Gators @ Missouri Tigers,spreads,Missouri Tigers,5.5,-105.0,5.5,0.0,1.16,6,PASS,
2026-10-03T15:26:32Z,15:30,Florida Gators @ Missouri Tigers,totals,Over,57.5,-110.0,57.5,0.0,0.67,8,PASS,
2026-10-03T15:26:32Z,15:30,Florida Gators @ Missouri Tigers,totals,Under,57.5,-110.0,57.5,0.0,-1.16,8,PASS,
2026-10-03T15:26:32Z,15:30,Louisville Cardinals @ NC State Wolfpack,h2h,Louisville Cardinals,,-165.0,,,,9,PASS,
2026-10-03T15:26:32Z,15:30,Louisville Cardinals @ NC State Wolfpack,h2h,NC State Wolfpack,,135.0,,,,9,PASS,
2026-10-03T15:26:32Z,15:30,Louisville Cardinals @ NC State Wolfpack,spreads,Louisville Cardinals,-3.5,100.0,-3.0,-0.5,0.62,2,PASS,
2026-10-03T15:26:32Z,15:30,Louisville Cardinals @ NC State Wolfpack,spreads,NC State Wolfpack,3.5,-120.0,3.0,0.5,-0.31,2,PICK,"Louisville QB Kienholz a game-time decision; 4.5pt week move to NCSU. HR gives +3.5 vs market +3.0 - crossing 3 is worth 7.8% (n=722, 2.5-4.5pt favourites)."
2026-10-03T15:26:32Z,15:30,Louisville Cardinals @ NC State Wolfpack,totals,Over,57.5,-110.0,57.5,0.0,-1.16,7,PASS,
2026-10-03T15:26:32Z,15:30,Louisville Cardinals @ NC State Wolfpack,totals,Under,57.5,-110.0,57.5,0.0,0.89,7,PASS,
2026-10-03T15:26:32Z,15:30,Ohio Bobcats @ Kent State Golden Fl,h2h,Kent State Golden Fl,,140.0,,,,9,PASS,
2026-10-03T15:26:32Z,15:30,Ohio Bobcats @ Kent State Golden Fl,h2h,Ohio Bobcats,,-175.0,,,,9,PASS,
2026-10-03T15:26:32Z,15:30,Ohio Bobcats @ Kent State Golden Fl,spreads,Kent State Golden Fl,3.5,-110.0,3.5,0.0,0.23,8,PASS,
2026-10-03T15:26:32Z,15:30,Ohio Bobcats @ Kent State Golden Fl,spreads,Ohio Bobcats,-3.5,-110.0,-3.5,0.0,-0.81,8,PASS,
2026-10-03T15:26:32Z,15:30,Ohio Bobcats @ Kent State Golden Fl,totals,Over,50.5,-110.0,50.5,0.0,0.45,7,PASS,
2026-10-03T15:26:32Z,15:30,Ohio Bobcats @ Kent State Golden Fl,totals,Under,50.5,-110.0,50.5,0.0,-0.92,7,PASS,
2026-10-03T15:26:32Z,15:30,Ohio State Buckeyes @ Iowa Hawkeyes,h2h,Iowa Hawkeyes,,500.0,,,,9,PASS,
2026-10-03T15:26:32Z,15:30,Ohio State Buckeyes @ Iowa Hawkeyes,h2h,Ohio State Buckeyes,,-750.0,,,,9,PASS,
2026-10-03T15:26:32Z,15:30,Ohio State Buckeyes @ Iowa Hawkeyes,spreads,Iowa Hawkeyes,14.5,-110.0,14.5,0.0,1.11,9,PASS,
2026-10-03T15:26:32Z,15:30,Ohio State Buckeyes @ Iowa Hawkeyes,spreads,Ohio State Buckeyes,-14.5,-110.0,-14.5,0.0,-1.16,9,PASS,
2026-10-03T15:26:32Z,15:30,Ohio State Buckeyes @ Iowa Hawkeyes,totals,Over,45.5,-110.0,45.5,0.0,0.23,8,PASS,
2026-10-03T15:26:32Z,15:30,Ohio State Buckeyes @ Iowa Hawkeyes,totals,Under,45.5,-110.0,45.5,0.0,-0.23,8,PASS,
2026-10-03T15:26:32Z,15:30,Old Dominion Monarch @ Georgia State Panthe,h2h,Georgia State Panthe,,-145.0,,,,9,PASS,
2026-10-03T15:26:32Z,15:30,Old Dominion Monarch @ Georgia State Panthe,h2h,Old Dominion Monarch,,120.0,,,,9,PASS,
2026-10-03T15:26:32Z,15:30,Old Dominion Monarch @ Georgia State Panthe,spreads,Georgia State Panthe,-2.5,-115.0,-2.5,0.0,-0.88,8,LEAN,"5pt move flipped the favourite, largest Sun Belt move; ODU on a 3-game skid. Cause NOT identified."
2026-10-03T15:26:32Z,15:30,Old Dominion Monarch @ Georgia State Panthe,spreads,Old Dominion Monarch,2.5,-105.0,2.5,0.0,0.59,8,PASS,
2026-10-03T15:26:32Z,15:30,Old Dominion Monarch @ Georgia State Panthe,totals,Over,51.5,-105.0,51.5,0.0,1.16,7,PASS,
2026-10-03T15:26:32Z,15:30,Old Dominion Monarch @ Georgia State Panthe,totals,Under,51.5,-115.0,51.5,0.0,-1.11,7,PASS,
2026-10-03T15:26:32Z,15:30,Samford Bulldogs @ UAB Blazers,spreads,Samford Bulldogs,30.5,-105.0,30.5,0.0,0.47,4,PASS,
2026-10-03T15:26:32Z,15:30,Samford Bulldogs @ UAB Blazers,spreads,UAB Blazers,-30.5,-115.0,-30.5,0.0,-0.11,4,PASS,
2026-10-03T15:26:32Z,15:30,Samford Bulldogs @ UAB Blazers,totals,Over,53.5,-120.0,54.5,-1.0,,0,PASS,
2026-10-03T15:26:32Z,15:30,Samford Bulldogs @ UAB Blazers,totals,Under,53.5,-105.0,54.5,-1.0,,0,PASS,
2026-10-03T15:26:32Z,15:30,Virginia Cavaliers @ Florida State Semino,h2h,Florida State Semino,,105.0,,,,9,PASS,
2026-10-03T15:26:32Z,15:30,Virginia Cavaliers @ Florida State Semino,h2h,Virginia Cavaliers,,-125.0,,,,9,PASS,
2026-10-03T15:26:32Z,15:30,Virginia Cavaliers @ Florida State Semino,spreads,Florida State Semino,1.5,-110.0,1.5,0.0,1.11,5,PASS,
2026-10-03T15:26:32Z,15:30,Virginia Cavaliers @ Florida State Semino,spreads,Virginia Cavaliers,-1.5,-110.0,-1.5,0.0,-1.16,5,PASS,
2026-10-03T15:26:32Z,15:30,Virginia Cavaliers @ Florida State Semino,totals,Over,51.5,-105.0,51.5,0.0,1.16,9,PASS,
2026-10-03T15:26:32Z,15:30,Virginia Cavaliers @ Florida State Semino,totals,Under,51.5,-110.0,51.5,0.0,-0.46,9,PASS,
2026-10-03T15:26:32Z,15:30,Wyoming Cowboys @ North Dakota State B,h2h,North Dakota State B,,-1300.0,,,,9,PASS,
2026-10-03T15:26:32Z,15:30,Wyoming Cowboys @ North Dakota State B,h2h,Wyoming Cowboys,,700.0,,,,9,PASS,
2026-10-03T15:26:32Z,15:30,Wyoming Cowboys @ North Dakota State B,spreads,North Dakota State B,-16.5,-115.0,-16.75,0.25,-0.11,4,PASS,
2026-10-03T15:26:32Z,15:30,Wyoming Cowboys @ North Dakota State B,spreads,Wyoming Cowboys,16.5,-105.0,16.75,-0.25,0.59,4,PASS,
2026-10-03T15:26:32Z,15:30,Wyoming Cowboys @ North Dakota State B,totals,Over,43.5,-120.0,44.0,-0.5,0.0,1,PASS,
2026-10-03T15:26:32Z,15:30,Wyoming Cowboys @ North Dakota State B,totals,Under,43.5,-105.0,44.0,-0.5,0.0,1,PASS,
2026-10-03T15:26:32Z,15:45,Marshall Thundering  @ James Madison Dukes,h2h,James Madison Dukes,,-1400.0,,,,9,PASS,
2026-10-03T15:26:32Z,15:45,Marshall Thundering  @ James Madison Dukes,h2h,Marshall Thundering ,,750.0,,,,9,PASS,
2026-10-03T15:26:32Z,15:45,Marshall Thundering  @ James Madison Dukes,spreads,James Madison Dukes,-16.5,-115.0,-16.0,-0.5,-1.11,3,PASS,
2026-10-03T15:26:32Z,15:45,Marshall Thundering  @ James Madison Dukes,spreads,Marshall Thundering ,16.5,-105.0,16.0,0.5,0.93,3,PASS,
2026-10-03T15:26:32Z,15:45,Marshall Thundering  @ James Madison Dukes,totals,Over,55.5,-115.0,55.5,0.0,-1.11,6,PASS,
2026-10-03T15:26:32Z,15:45,Marshall Thundering  @ James Madison Dukes,totals,Under,55.5,-105.0,55.5,0.0,0.93,6,PASS,
2026-10-03T15:26:32Z,16:00,Maryland Terrapins @ Nebraska Cornhuskers,h2h,Maryland Terrapins,,575.0,,,,9,PASS,
2026-10-03T15:26:32Z,16:00,Maryland Terrapins @ Nebraska Cornhuskers,h2h,Nebraska Cornhuskers,,-900.0,,,,9,PASS,
2026-10-03T15:26:32Z,16:00,Maryland Terrapins @ Nebraska Cornhuskers,spreads,Maryland Terrapins,14.5,-105.0,14.5,0.0,1.05,8,PASS,
2026-10-03T15:26:32Z,16:00,Maryland Terrapins @ Nebraska Cornhuskers,spreads,Nebraska Cornhuskers,-14.5,-115.0,-14.5,0.0,-1.11,8,PASS,
2026-10-03T15:26:32Z,16:00,Maryland Terrapins @ Nebraska Cornhuskers,totals,Over,51.5,-115.0,52.5,-1.0,,0,PASS,
2026-10-03T15:26:32Z,16:00,Maryland Terrapins @ Nebraska Cornhuskers,totals,Under,51.5,-105.0,52.5,-1.0,,0,PASS,
2026-10-03T15:26:32Z,16:00,UTEP Miners @ New Mexico Lobos,h2h,New Mexico Lobos,,-5000.0,,,,9,PASS,
2026-10-03T15:26:32Z,16:00,UTEP Miners @ New Mexico Lobos,h2h,UTEP Miners,,1300.0,,,,9,PASS,
2026-10-03T15:26:32Z,16:00,UTEP Miners @ New Mexico Lobos,spreads,New Mexico Lobos,-22.5,-115.0,-23.5,1.0,-0.22,1,LEAN,"HR -22.5 vs market -23.5, a full point better, and the week move went 2.5 toward NM. Number edge is real; the side is unexplained."
2026-10-03T15:26:32Z,16:00,UTEP Miners @ New Mexico Lobos,spreads,UTEP Miners,22.5,-105.0,23.5,-1.0,-1.71,1,PASS,
2026-10-03T15:26:32Z,16:00,UTEP Miners @ New Mexico Lobos,totals,Over,48.5,-110.0,48.25,0.25,-1.64,4,PASS,
2026-10-03T15:26:32Z,16:00,UTEP Miners @ New Mexico Lobos,totals,Under,48.5,-110.0,48.25,0.25,1.32,4,PASS,
2026-10-03T15:26:32Z,16:15,Kentucky Wildcats @ South Carolina Gamec,h2h,Kentucky Wildcats,,120.0,,,,9,PASS,
2026-10-03T15:26:32Z,16:15,Kentucky Wildcats @ South Carolina Gamec,h2h,South Carolina Gamec,,-145.0,,,,9,PASS,
2026-10-03T15:26:32Z,16:15,Kentucky Wildcats @ South Carolina Gamec,spreads,Kentucky Wildcats,2.5,-105.0,2.5,0.0,0.47,9,PICK,"SC edge Dylan Stewart out (suspended, reported explicitly out vs UK); 3.5pt move to UK and total +3.5 = market pricing out SC's pass rush."
2026-10-03T15:26:32Z,16:15,Kentucky Wildcats @ South Carolina Gamec,spreads,South Carolina Gamec,-2.5,-115.0,-2.5,0.0,-0.66,9,PASS,
2026-10-03T15:26:32Z,16:15,Kentucky Wildcats @ South Carolina Gamec,totals,Over,52.5,-110.0,53.0,-0.5,0.45,3,PASS,
2026-10-03T15:26:32Z,16:15,Kentucky Wildcats @ South Carolina Gamec,totals,Under,52.5,-110.0,53.0,-0.5,-0.46,3,PASS,
2026-10-03T15:26:32Z,16:15,Purdue Boilermakers @ Illinois Fighting Il,h2h,Illinois Fighting Il,,-475.0,,,,9,PASS,
2026-10-03T15:26:32Z,16:15,Purdue Boilermakers @ Illinois Fighting Il,h2h,Purdue Boilermakers,,350.0,,,,9,PASS,
2026-10-03T15:26:32Z,16:15,Purdue Boilermakers @ Illinois Fighting Il,spreads,Illinois Fighting Il,-9.5,-115.0,-10.0,0.5,-0.33,4,PASS,
2026-10-03T15:26:32Z,16:15,Purdue Boilermakers @ Illinois Fighting Il,spreads,Purdue Boilermakers,9.5,-105.0,10.0,-0.5,-0.12,4,PASS,
2026-10-03T15:26:32Z,16:15,Purdue Boilermakers @ Illinois Fighting Il,totals,Over,61.5,-115.0,61.5,0.0,-1.11,6,PASS,
2026-10-03T15:26:32Z,16:15,Purdue Boilermakers @ Illinois Fighting Il,totals,Under,61.5,-105.0,61.5,0.0,0.93,6,PASS,
2026-10-03T15:26:32Z,18:00,Oregon State Beavers @ Colorado State Rams,h2h,Colorado State Rams,,200.0,,,,9,PASS,
2026-10-03T15:26:32Z,18:00,Oregon State Beavers @ Colorado State Rams,h2h,Oregon State Beavers,,-260.0,,,,9,PASS,
2026-10-03T15:26:32Z,18:00,Oregon State Beavers @ Colorado State Rams,spreads,Colorado State Rams,6.5,-105.0,6.5,0.0,-50.23,6,EXCLUDE_DATA_ARTIFACT,"HR price is >5pp off the market at the same number, implying a 9-book price near +8000 on a spread. Mis-keyed or stale row, not an opportunity. Needs investigation."
2026-10-03T15:26:32Z,18:00,Oregon State Beavers @ Colorado State Rams,spreads,Oregon State Beavers,-6.5,-115.0,-6.5,0.0,0.11,6,PASS,
2026-10-03T15:26:32Z,18:00,Oregon State Beavers @ Colorado State Rams,totals,Over,61.5,-115.0,62.5,-1.0,,0,PASS,
2026-10-03T15:26:32Z,18:00,Oregon State Beavers @ Colorado State Rams,totals,Under,61.5,-105.0,62.5,-1.0,,0,PASS,
2026-10-03T15:26:32Z,18:00,Texas Southern Tiger @ Florida Atlantic Owl,spreads,Florida Atlantic Owl,-45.5,-110.0,-45.5,0.0,0.45,6,PASS,
2026-10-03T15:26:32Z,18:00,Texas Southern Tiger @ Florida Atlantic Owl,spreads,Texas Southern Tiger,45.5,-110.0,45.5,0.0,-0.11,6,PASS,
2026-10-03T15:26:32Z,18:00,Texas Southern Tiger @ Florida Atlantic Owl,totals,Over,62.5,-110.0,62.25,0.25,-49.94,4,EXCLUDE_DATA_ARTIFACT,"HR price is >5pp off the market at the same number, implying a 9-book price near +8000 on a spread. Mis-keyed or stale row, not an opportunity. Needs investigation."
2026-10-03T15:26:32Z,18:00,Texas Southern Tiger @ Florida Atlantic Owl,totals,Under,62.5,-110.0,62.25,0.25,1.64,4,PASS,
2026-10-03T15:26:32Z,19:00,Arkansas Razorbacks @ Texas A&M Aggies,h2h,Arkansas Razorbacks,,450.0,,,,9,PASS,
2026-10-03T15:26:32Z,19:00,Arkansas Razorbacks @ Texas A&M Aggies,h2h,Texas A&M Aggies,,-650.0,,,,9,PASS,
2026-10-03T15:26:32Z,19:00,Arkansas Razorbacks @ Texas A&M Aggies,spreads,Arkansas Razorbacks,13.5,100.0,14.0,-0.5,0.74,2,PASS,
2026-10-03T15:26:32Z,19:00,Arkansas Razorbacks @ Texas A&M Aggies,spreads,Texas A&M Aggies,-13.5,-120.0,-14.0,0.5,-0.21,2,PASS,
2026-10-03T15:26:32Z,19:00,Arkansas Razorbacks @ Texas A&M Aggies,totals,Over,50.5,-115.0,50.5,0.0,-1.91,4,PASS,
2026-10-03T15:26:32Z,19:00,Arkansas Razorbacks @ Texas A&M Aggies,totals,Under,50.5,-105.0,50.5,0.0,1.72,4,PASS,
2026-10-03T15:26:32Z,19:00,BYU Cougars @ TCU Horned Frogs,h2h,BYU Cougars,,-250.0,,,,9,PASS,
2026-10-03T15:26:32Z,19:00,BYU Cougars @ TCU Horned Frogs,h2h,TCU Horned Frogs,,195.0,,,,9,PASS,
2026-10-03T15:26:32Z,19:00,BYU Cougars @ TCU Horned Frogs,spreads,BYU Cougars,-6.5,-105.0,-6.0,-0.5,,0,PASS,
2026-10-03T15:26:32Z,19:00,BYU Cougars @ TCU Horned Frogs,spreads,TCU Horned Frogs,6.5,-115.0,6.0,0.5,,0,PASS,
2026-10-03T15:26:32Z,19:00,BYU Cougars @ TCU Horned Frogs,totals,Over,47.5,-110.0,48.0,-0.5,1.0,4,PASS,
2026-10-03T15:26:32Z,19:00,BYU Cougars @ TCU Horned Frogs,totals,Under,47.5,-110.0,48.0,-0.5,-1.04,4,PASS,
2026-10-03T15:26:32Z,19:00,Georgia Southern Eag @ Coastal Carolina Cha,h2h,Coastal Carolina Cha,,100.0,,,,9,PASS,
2026-10-03T15:26:32Z,19:00,Georgia Southern Eag @ Coastal Carolina Cha,h2h,Georgia Southern Eag,,-125.0,,,,9,PASS,
2026-10-03T15:26:32Z,19:00,Georgia Southern Eag @ Coastal Carolina Cha,spreads,Coastal Carolina Cha,1.5,-110.0,1.75,-0.25,-1.16,4,PASS,
2026-10-03T15:26:32Z,19:00,Georgia Southern Eag @ Coastal Carolina Cha,spreads,Georgia Southern Eag,-1.5,-110.0,-1.75,0.25,0.89,4,PASS,
2026-10-03T15:26:32Z,19:00,Georgia Southern Eag @ Coastal Carolina Cha,totals,Over,53.5,-110.0,53.5,0.0,-1.16,5,PASS,
2026-10-03T15:26:32Z,19:00,Georgia Southern Eag @ Coastal Carolina Cha,totals,Under,53.5,-110.0,53.5,0.0,0.89,5,PASS,
2026-10-03T15:26:32Z,19:00,UL Monroe Warhawks @ South Alabama Jaguar,h2h,South Alabama Jaguar,,-900.0,,,,9,PASS,
2026-10-03T15:26:32Z,19:00,UL Monroe Warhawks @ South Alabama Jaguar,h2h,UL Monroe Warhawks,,550.0,,,,9,PASS,
2026-10-03T15:26:32Z,19:00,UL Monroe Warhawks @ South Alabama Jaguar,spreads,South Alabama Jaguar,-14.5,-105.0,-14.0,-0.5,-0.24,1,PASS,
2026-10-03T15:26:32Z,19:00,UL Monroe Warhawks @ South Alabama Jaguar,spreads,UL Monroe Warhawks,14.5,-120.0,14.0,0.5,-0.42,1,PASS,
2026-10-03T15:26:32Z,19:00,UL Monroe Warhawks @ South Alabama Jaguar,totals,Over,56.5,-110.0,56.5,0.0,0.0,7,PASS,
2026-10-03T15:26:32Z,19:00,UL Monroe Warhawks @ South Alabama Jaguar,totals,Under,56.5,-110.0,56.5,0.0,-0.46,7,PASS,
2026-10-03T15:26:32Z,19:00,UTSA Roadrunners @ Rice Owls,h2h,Rice Owls,,425.0,,,,9,PASS,
2026-10-03T15:26:32Z,19:00,UTSA Roadrunners @ Rice Owls,h2h,UTSA Roadrunners,,-650.0,,,,9,PASS,
2026-10-03T15:26:32Z,19:00,UTSA Roadrunners @ Rice Owls,spreads,Rice Owls,11.5,-105.0,12.25,-0.75,-1.22,1,PASS,
2026-10-03T15:26:32Z,19:00,UTSA Roadrunners @ Rice Owls,spreads,UTSA Roadrunners,-11.5,-115.0,-12.25,0.75,-0.44,1,PASS,
2026-10-03T15:26:32Z,19:00,UTSA Roadrunners @ Rice Owls,totals,Over,55.5,-110.0,55.5,0.0,0.0,6,PASS,
2026-10-03T15:26:32Z,19:00,UTSA Roadrunners @ Rice Owls,totals,Under,55.5,-110.0,55.5,0.0,-0.34,6,PASS,
2026-10-03T15:26:32Z,19:30,Army Black Knights @ Louisiana Tech Bulld,h2h,Army Black Knights,,-125.0,,,,9,PASS,
2026-10-03T15:26:32Z,19:30,Army Black Knights @ Louisiana Tech Bulld,h2h,Louisiana Tech Bulld,,100.0,,,,9,PASS,
2026-10-03T15:26:32Z,19:30,Army Black Knights @ Louisiana Tech Bulld,spreads,Army Black Knights,-1.5,-115.0,-1.5,0.0,-1.57,7,PASS,
2026-10-03T15:26:32Z,19:30,Army Black Knights @ Louisiana Tech Bulld,spreads,Louisiana Tech Bulld,1.5,-105.0,1.5,0.0,1.16,7,PASS,
2026-10-03T15:26:32Z,19:30,Army Black Knights @ Louisiana Tech Bulld,totals,Over,47.5,-110.0,47.25,0.25,-1.04,4,PASS,
2026-10-03T15:26:32Z,19:30,Army Black Knights @ Louisiana Tech Bulld,totals,Under,47.5,-110.0,47.25,0.25,0.89,4,PASS,
2026-10-03T15:26:32Z,19:30,Miami Hurricanes @ Clemson Tigers,h2h,Clemson Tigers,,575.0,,,,9,PASS,
2026-10-03T15:26:32Z,19:30,Miami Hurricanes @ Clemson Tigers,h2h,Miami Hurricanes,,-900.0,,,,9,PASS,
2026-10-03T15:26:32Z,19:30,Miami Hurricanes @ Clemson Tigers,spreads,Clemson Tigers,15.5,-110.0,15.5,0.0,0.0,5,PASS,
2026-10-03T15:26:32Z,19:30,Miami Hurricanes @ Clemson Tigers,spreads,Miami Hurricanes,-15.5,-110.0,-15.5,0.0,0.0,5,PASS,
2026-10-03T15:26:32Z,19:30,Miami Hurricanes @ Clemson Tigers,totals,Over,47.5,-115.0,48.5,-1.0,,0,PASS,
2026-10-03T15:26:32Z,19:30,Miami Hurricanes @ Clemson Tigers,totals,Under,47.5,-105.0,48.5,-1.0,,0,PASS,
2026-10-03T15:26:32Z,19:30,Temple Owls @ South Florida Bulls,h2h,South Florida Bulls,,-220.0,,,,9,PASS,
2026-10-03T15:26:32Z,19:30,Temple Owls @ South Florida Bulls,h2h,Temple Owls,,180.0,,,,9,PASS,
2026-10-03T15:26:32Z,19:30,Temple Owls @ South Florida Bulls,spreads,South Florida Bulls,-5.5,-115.0,-5.5,0.0,-0.77,6,PASS,
2026-10-03T15:26:32Z,19:30,Temple Owls @ South Florida Bulls,spreads,Temple Owls,5.5,-105.0,5.5,0.0,0.35,6,PASS,
2026-10-03T15:26:32Z,19:30,Temple Owls @ South Florida Bulls,totals,Over,48.5,-110.0,48.5,0.0,0.0,8,PASS,
2026-10-03T15:26:32Z,19:30,Temple Owls @ South Florida Bulls,totals,Under,48.5,-110.0,48.5,0.0,0.0,8,PASS,
2026-10-03T15:26:32Z,19:30,Utah State Aggies @ Boise State Broncos,h2h,Boise State Broncos,,-3000.0,,,,9,PASS,
2026-10-03T15:26:32Z,19:30,Utah State Aggies @ Boise State Broncos,h2h,Utah State Aggies,,1200.0,,,,9,PASS,
2026-10-03T15:26:32Z,19:30,Utah State Aggies @ Boise State Broncos,spreads,Boise State Broncos,-19.5,-110.0,-19.5,0.0,-0.46,5,PASS,
2026-10-03T15:26:32Z,19:30,Utah State Aggies @ Boise State Broncos,spreads,Utah State Aggies,19.5,-110.0,19.5,0.0,0.45,5,PASS,
2026-10-03T15:26:32Z,19:30,Utah State Aggies @ Boise State Broncos,totals,Over,51.5,-110.0,51.5,0.0,-0.46,9,PASS,
2026-10-03T15:26:32Z,19:30,Utah State Aggies @ Boise State Broncos,totals,Under,51.5,-110.0,51.5,0.0,0.0,9,PASS,
2026-10-03T15:26:32Z,19:30,Washington Huskies @ USC Trojans,h2h,USC Trojans,,-350.0,,,,9,PASS,
2026-10-03T15:26:32Z,19:30,Washington Huskies @ USC Trojans,h2h,Washington Huskies,,275.0,,,,9,PASS,
2026-10-03T15:26:32Z,19:30,Washington Huskies @ USC Trojans,spreads,USC Trojans,-7.5,-115.0,-7.5,0.0,-1.11,8,PASS,
2026-10-03T15:26:32Z,19:30,Washington Huskies @ USC Trojans,spreads,Washington Huskies,7.5,-105.0,7.5,0.0,0.7,8,PASS,
2026-10-03T15:26:32Z,19:30,Washington Huskies @ USC Trojans,totals,Over,57.5,-115.0,58.0,-0.5,-1.11,4,PASS,
2026-10-03T15:26:32Z,19:30,Washington Huskies @ USC Trojans,totals,Under,57.5,-105.0,58.0,-0.5,0.93,4,PASS,
2026-10-03T15:26:32Z,19:31,Texas Tech Red Raide @ Colorado Buffaloes,h2h,Colorado Buffaloes,,400.0,,,,9,PASS,
2026-10-03T15:26:32Z,19:31,Texas Tech Red Raide @ Colorado Buffaloes,h2h,Texas Tech Red Raide,,-600.0,,,,9,PASS,
2026-10-03T15:26:32Z,19:31,Texas Tech Red Raide @ Colorado Buffaloes,spreads,Colorado Buffaloes,13.5,-110.0,13.5,0.0,-0.92,6,LEAN,ESPN sources: Colorado expected to start QB Isaac Wilson; market moved 2pts to Colorado. Thin.
2026-10-03T15:26:32Z,19:31,Texas Tech Red Raide @ Colorado Buffaloes,spreads,Texas Tech Red Raide,-13.5,-110.0,-13.5,0.0,0.56,6,PASS,
2026-10-03T15:26:32Z,19:31,Texas Tech Red Raide @ Colorado Buffaloes,totals,Over,49.5,-115.0,49.5,0.0,-1.34,7,PASS,
2026-10-03T15:26:32Z,19:31,Texas Tech Red Raide @ Colorado Buffaloes,totals,Under,49.5,-105.0,49.5,0.0,1.16,7,PASS,
2026-10-03T15:26:32Z,19:45,McNeese State Cowboy @ LSU Tigers,spreads,LSU Tigers,-53.5,-110.0,-53.5,0.0,0.0,6,PASS,
2026-10-03T15:26:32Z,19:45,McNeese State Cowboy @ LSU Tigers,spreads,McNeese State Cowboy,53.5,-110.0,53.5,0.0,0.0,6,PASS,
2026-10-03T15:26:32Z,19:45,McNeese State Cowboy @ LSU Tigers,totals,Over,62.5,-110.0,62.5,0.0,0.0,5,PASS,
2026-10-03T15:26:32Z,19:45,McNeese State Cowboy @ LSU Tigers,totals,Under,62.5,-110.0,62.5,0.0,-0.46,5,PASS,
2026-10-03T15:26:32Z,20:00,Arkansas State Red W @ Louisiana Ragin Caju,h2h,Arkansas State Red W,,200.0,,,,9,PASS,
2026-10-03T15:26:32Z,20:00,Arkansas State Red W @ Louisiana Ragin Caju,h2h,Louisiana Ragin Caju,,-260.0,,,,9,PASS,
2026-10-03T15:26:32Z,20:00,Arkansas State Red W @ Louisiana Ragin Caju,spreads,Arkansas State Red W,6.5,-105.0,6.25,0.25,2.16,4,PASS,
2026-10-03T15:26:32Z,20:00,Arkansas State Red W @ Louisiana Ragin Caju,spreads,Louisiana Ragin Caju,-6.5,-115.0,-6.25,-0.25,-2.27,4,PASS,
2026-10-03T15:26:32Z,20:00,Arkansas State Red W @ Louisiana Ragin Caju,totals,Over,47.5,-115.0,48.5,-1.0,-0.44,1,PASS,
2026-10-03T15:26:32Z,20:00,Arkansas State Red W @ Louisiana Ragin Caju,totals,Under,47.5,-105.0,48.5,-1.0,-0.48,1,PASS,
2026-10-03T15:26:32Z,20:00,Indiana Hoosiers @ Rutgers Scarlet Knig,h2h,Indiana Hoosiers,,-5000.0,,,,9,PASS,
2026-10-03T15:26:32Z,20:00,Indiana Hoosiers @ Rutgers Scarlet Knig,h2h,Rutgers Scarlet Knig,,1300.0,,,,9,PASS,
2026-10-03T15:26:32Z,20:00,Indiana Hoosiers @ Rutgers Scarlet Knig,spreads,Indiana Hoosiers,-24.5,-110.0,-24.5,0.0,-0.92,5,PASS,
2026-10-03T15:26:32Z,20:00,Indiana Hoosiers @ Rutgers Scarlet Knig,spreads,Rutgers Scarlet Knig,24.5,-110.0,24.5,0.0,0.45,5,PASS,
2026-10-03T15:26:32Z,20:00,Indiana Hoosiers @ Rutgers Scarlet Knig,totals,Over,56.5,-115.0,57.0,-0.5,-1.11,3,PASS,
2026-10-03T15:26:32Z,20:00,Indiana Hoosiers @ Rutgers Scarlet Knig,totals,Under,56.5,-105.0,57.0,-0.5,0.7,3,PASS,
2026-10-03T15:26:32Z,21:30,Fresno State Bulldog @ Washington State Cou,h2h,Fresno State Bulldog,,105.0,,,,9,PASS,
2026-10-03T15:26:32Z,21:30,Fresno State Bulldog @ Washington State Cou,h2h,Washington State Cou,,-130.0,,,,9,PASS,
2026-10-03T15:26:32Z,21:30,Fresno State Bulldog @ Washington State Cou,spreads,Fresno State Bulldog,1.5,-105.0,1.5,0.0,0.0,5,PASS,
2026-10-03T15:26:32Z,21:30,Fresno State Bulldog @ Washington State Cou,spreads,Washington State Cou,-1.5,-120.0,-1.5,0.0,-1.27,5,PASS,
2026-10-03T15:26:32Z,21:30,Fresno State Bulldog @ Washington State Cou,totals,Over,45.5,-110.0,45.5,0.0,-1.16,8,PASS,
2026-10-03T15:26:32Z,21:30,Fresno State Bulldog @ Washington State Cou,totals,Under,45.5,-110.0,45.5,0.0,1.0,8,PASS,
2026-10-03T15:26:32Z,22:30,Baylor Bears @ Arizona State Sun De,h2h,Arizona State Sun De,,-180.0,,,,9,PASS,
2026-10-03T15:26:32Z,22:30,Baylor Bears @ Arizona State Sun De,h2h,Baylor Bears,,150.0,,,,9,PASS,
2026-10-03T15:26:32Z,22:30,Baylor Bears @ Arizona State Sun De,spreads,Arizona State Sun De,-3.5,-110.0,-3.5,0.0,0.78,6,PASS,
2026-10-03T15:26:32Z,22:30,Baylor Bears @ Arizona State Sun De,spreads,Baylor Bears,3.5,-110.0,3.5,0.0,-1.16,6,PASS,
2026-10-03T15:26:32Z,22:30,Baylor Bears @ Arizona State Sun De,totals,Over,48.5,-110.0,48.5,0.0,0.0,9,PASS,
2026-10-03T15:26:32Z,22:30,Baylor Bears @ Arizona State Sun De,totals,Under,48.5,-110.0,48.5,0.0,0.0,9,PASS,
2026-10-03T15:26:32Z,22:30,Texas State Bobcats @ San Diego State Azte,h2h,San Diego State Azte,,325.0,,,,9,PASS,
2026-10-03T15:26:32Z,22:30,Texas State Bobcats @ San Diego State Azte,h2h,Texas State Bobcats,,-450.0,,,,9,PICK,"SDSU mumps outbreak: 15 cases, ~17 players doubtful/out incl starting 1000-yd RB and the backup RB. 7pt move, biggest on the board. Thin at -450 but the outcome is the thing I'm most sure of."
2026-10-03T15:26:32Z,22:30,Texas State Bobcats @ San Diego State Azte,spreads,San Diego State Azte,9.5,-110.0,9.5,0.0,-1.04,6,PASS,
2026-10-03T15:26:32Z,22:30,Texas State Bobcats @ San Diego State Azte,spreads,Texas State Bobcats,-9.5,-110.0,-9.5,0.0,0.56,6,PASS,
2026-10-03T15:26:32Z,22:30,Texas State Bobcats @ San Diego State Azte,totals,Over,57.5,-110.0,57.5,0.0,-0.23,7,PASS,
2026-10-03T15:26:32Z,22:30,Texas State Bobcats @ San Diego State Azte,totals,Under,57.5,-110.0,57.5,0.0,0.0,7,PASS,
2026-10-03T15:26:32Z,23:00,Cincinnati Bearcats @ Arizona Wildcats,h2h,Arizona Wildcats,,-260.0,,,,9,PASS,
2026-10-03T15:26:32Z,23:00,Cincinnati Bearcats @ Arizona Wildcats,h2h,Cincinnati Bearcats,,210.0,,,,9,PASS,
2026-10-03T15:26:32Z,23:00,Cincinnati Bearcats @ Arizona Wildcats,spreads,Arizona Wildcats,-6.5,-120.0,-7.0,0.5,-0.84,2,PASS,
2026-10-03T15:26:32Z,23:00,Cincinnati Bearcats @ Arizona Wildcats,spreads,Cincinnati Bearcats,6.5,-105.0,7.0,-0.5,-0.12,2,PASS,
2026-10-03T15:26:32Z,23:00,Cincinnati Bearcats @ Arizona Wildcats,totals,Over,55.5,-110.0,55.5,0.0,0.56,6,PASS,
2026-10-03T15:26:32Z,23:00,Cincinnati Bearcats @ Arizona Wildcats,totals,Under,55.5,-110.0,55.5,0.0,-0.23,6,PASS,
2026-10-03T15:26:32Z,23:59,San Jose State Spart @ Hawaii Rainbow Warri,h2h,Hawaii Rainbow Warri,,-145.0,,,,9,PASS,
2026-10-03T15:26:32Z,23:59,San Jose State Spart @ Hawaii Rainbow Warri,h2h,San Jose State Spart,,120.0,,,,9,PASS,
2026-10-03T15:26:32Z,23:59,San Jose State Spart @ Hawaii Rainbow Warri,spreads,Hawaii Rainbow Warri,-2.5,-115.0,-3.0,0.5,0.75,4,PASS,
2026-10-03T15:26:32Z,23:59,San Jose State Spart @ Hawaii Rainbow Warri,spreads,San Jose State Spart,2.5,-105.0,3.0,-0.5,-48.78,4,EXCLUDE_DATA_ARTIFACT,"HR price is >5pp off the market at the same number, implying a 9-book price near +8000 on a spread. Mis-keyed or stale row, not an opportunity. Needs investigation."
2026-10-03T15:26:32Z,23:59,San Jose State Spart @ Hawaii Rainbow Warri,totals,Over,50.5,-110.0,50.5,0.0,0.67,6,PASS,
2026-10-03T15:26:32Z,23:59,San Jose State Spart @ Hawaii Rainbow Warri,totals,Under,50.5,-110.0,50.5,0.0,-0.69,6,PASS,
