event_id,home_team,away_team,commence_time
6e4d435e9afc8a6db1162d2057d74acb,Oregon State Beavers,San Diego State Aztecs,2026-10-10T22:00:00Z
21a7dc0df1a77eb87cc985e844095cf0,Marshall Thundering Herd,Coastal Carolina Chanticleers,2026-10-10T23:00:00Z
bdfaffbf5873812f3e04de2cbd273aa6,Kentucky Wildcats,LSU Tigers,2026-10-10T23:00:00Z
7cc5cec6dac13487c15b70d0f4411ca6,Memphis Tigers,UAB Blazers,2026-10-10T23:00:00Z
a3ce49a66d513b6bd1772b8696863ee1,UTEP Miners,Nevada Wolf Pack,2026-10-10T23:00:00Z
4f3a6620c44a51f7b649892be381e0eb,UNLV Rebels,North Dakota State Bison,2026-10-10T23:00:00Z
f7b49f43b10f581d991954dae86b9aa5,Virginia Cavaliers,Syracuse Orange,2026-10-10T23:30:00Z
4462f1fa168ab2a5a25fe2807ebec8ac,Penn State Nittany Lions,USC Trojans,2026-10-10T23:30:00Z
837b4ddbdcd5e8e3a68a7c954208ff40,Louisiana Tech Bulldogs,Louisiana Ragin Cajuns,2026-10-10T23:30:00Z
59f8c98dee8ce77cc17c5b4958e4f325,Alabama Crimson Tide,Georgia Bulldogs,2026-10-10T23:30:00Z
b009edde78bdd184c039f774c1795f95,Northern Illinois Huskies,Air Force Falcons,2026-10-10T23:30:00Z
2876b41c9c5327639fda141d7027eadb,Georgia Southern Eagles,James Madison Dukes,2026-10-10T23:30:00Z
616eba68e65fe65023aa2335e81096c8,Utah Utes,Kansas Jayhawks,2026-10-11T00:00:00Z
234d9123fdc010716a5a844efaf7ab43,Purdue Boilermakers,Minnesota Golden Gophers,2026-10-11T00:00:00Z
7dd6e0d9f2657c834974c28b286ff58d,Arizona State Sun Devils,Hawaii Rainbow Warriors,2026-10-11T02:30:00Z
c4db3412210ed8e1045807c73f69b377,Fresno State Bulldogs,Boise State Broncos,2026-10-11T02:30:00Z
62dd374d95f55eaaad10717b58220ce7,Middle Tennessee Blue Raiders,Delaware Blue Hens,2026-10-13T23:00:00Z
66f521c79ea8a970ed062bfed392abfb,Jacksonville State Gamecocks,Florida International Panthers,2026-10-14T00:00:00Z
f00195614a0c305207222ba2044a9c24,Texas State Bobcats,Colorado State Rams,2026-10-16T00:00:00Z
