season,market,regime,n,coef,lo90,hi90,p,a2_n,a2_roi,a2_se,a2_clv
2022,ML,R1 early,163,1.0593852565904138,0.07571886308975306,2.0430516500910745,0.038237293761403834,66,0.2510300240023135,0.15852176174149712,-0.01657743324744062
2022,ML,R2 B2B,299,0.4068000572918707,-0.5682595268253059,1.3818596414090472,0.24627425291216976,121,-0.13337674607288924,0.11569534870719708,-0.016050825490162637
2022,ML,R3 backup(strict),367,0.3360524551181877,-0.5938582850262139,1.2659631952625894,0.2761101736490936,119,-0.10263550135864638,0.11232071280368501,-0.014415734965237301
2022,ML,R4 |diff|>5,454,0.9809719339392742,0.29871948159482364,1.6632243862837246,0.009012406824162711,382,0.0020911151905233026,0.06688284686899101,-0.015537396111117058
2022,ML,R5 eng=dog,864,0.6407745051257215,-0.08034361205023732,1.3618926223016805,0.0719209133178389,352,-0.012227468066986678,0.07183206285333946,-0.01493915936365117
2022,ML,R6 goalies,212,0.1971274871808537,-0.8603981361214907,1.2546531104831982,0.37956757511876815,79,-0.11640041408586706,0.13671808166189334,-0.015078968045641532
2022,ML,R7 both high pace,175,0.6243276694467986,-0.5193501837190334,1.7680055226126306,0.18460818815226143,60,0.24353318133808266,0.1493868277270754,-0.01662987462049079
2022,ML,R8 both high pen,75,3.3738247714761727,0.9005525346412364,5.847097008311109,0.012421645665896208,26,0.21930428545813158,0.2546695522534534,-0.013755876540965984
2022,TOT,R1 early,156,0.23522192725889465,-0.9560062945274173,1.4264501490452066,0.37266443629731105,49,-0.01589240927312063,0.1397568071776584,-0.019110898940995456
2022,TOT,R2 B2B,285,0.3343808796349061,-0.5680409183007853,1.2368026775705976,0.27109762932696024,129,-0.013409770709614112,0.08543758294597158,-0.020423913596501957
2022,TOT,R3 backup(strict),347,0.2392667147676405,-0.6325813019125008,1.1111147314477818,0.32584335824865585,170,0.03907843580480567,0.07378465993905216,-0.021393736525707446
2022,TOT,R4 |diff|>5,584,-0.581579733701154,-1.2834339298100659,0.12027446240775796,0.9135617160949071,480,-0.05641630057401132,0.04394500348984059,-0.020876733019127795
2022,TOT,R5 eng=dog,539,-0.18368796605212484,-0.9878299148012037,0.6204539826969542,0.6464449195178076,241,-0.1340283400893228,0.06421247166168,-0.020966811506776057
2022,TOT,R6 goalies,353,0.20740588861130754,-0.6157760336605254,1.0305878108831406,0.3392748690234315,151,0.055095209051519774,0.07817956401041733,-0.020941215131550686
2022,TOT,R7 both high pace,167,0.8437704165885302,-0.5491751579654389,2.2367159911424994,0.1595301850306351,52,0.08060095483684712,0.13535239502720525,-0.021669996949334743
2022,TOT,R8 both high pen,69,-0.9717275819642098,-3.2203690126041886,1.2769138486757692,0.7614042292512913,13,0.03909530915937017,0.2779347548039076,-0.02307778023769865
2023,ML,R1 early,168,-1.4149660527606278,-2.783693071167735,-0.046239034353520836,0.955478614666163,62,-0.1849403381424254,0.15553772278953767,-0.015297645428104452
2023,ML,R2 B2B,262,-0.18167308736483304,-1.2504195985212807,0.8870734237916146,0.6101122968240613,102,-0.07788831836660777,0.1258398816472431,-0.016945389326250088
2023,ML,R3 backup(strict),352,0.9686999853259158,0.02094663914046324,1.9164533315113683,0.04635674296535275,126,0.1955265532576333,0.12070264900832227,-0.01650388418135853
2023,ML,R4 |diff|>5,425,-0.15452768113731913,-0.9755472671688372,0.6664919048941988,0.6215650684123908,358,-0.03592168218660106,0.06746484569132823,-0.016050305324020842
2023,ML,R5 eng=dog,823,0.44153001613334875,-0.3525424623960959,1.2356024946627935,0.1801961884127261,335,-0.023155441280989984,0.07131468672953858,-0.015678604148907194
2023,ML,R6 goalies,133,3.1784906156631876,1.078871082154655,5.27811014917172,0.006385044578304022,36,0.010899470899470916,0.22112618091008093,-0.015771924494624764
2023,ML,R7 both high pace,167,0.4769906262015629,-1.1911601412690684,2.145141393672194,0.3190552377538667,40,0.23853703703703705,0.192741684726106,-0.016471789011644068
2023,ML,R8 both high pen,60,2.9431977721108504,-0.37207795689622003,6.258473501117921,0.0721051108699502,14,0.31499999999999995,0.37020895495607653,-0.016175108384417873
2023,TOT,R1 early,158,-0.6203155667992147,-1.7011100184863723,0.460478884887943,0.8274357692523906,87,-0.012182750262245147,0.10564790404681008,-0.022240101842331973
2023,TOT,R2 B2B,248,-0.46239590675702946,-1.421248645658026,0.4964568321439671,0.7861793808034225,65,0.04097253283727867,0.12073127189427438,-0.02041377501750405
2023,TOT,R3 backup(strict),335,-0.48982278363832843,-1.2856467617183855,0.3060011944417288,0.8443317760346234,98,-0.09306753522859446,0.09815923122767212,-0.019043774544696374
2023,TOT,R4 |diff|>5,426,-0.08671957983766126,-0.6849280067831225,0.5114888471078001,0.5942354047547921,331,-0.006692276507483469,0.05367871221407362,-0.02056375660435032
2023,TOT,R5 eng=dog,563,0.6831898683828108,-0.18131642772645729,1.5476961644920788,0.09681617924784347,187,0.04320470785710493,0.07378016582897697,-0.021196551229783207
2023,TOT,R6 goalies,438,-0.041059274437066466,-0.7356313483702669,0.653512799496134,0.5387310763297548,137,0.024850980455919734,0.08365975684889872,-0.021297203604904492
2023,TOT,R7 both high pace,160,0.05222273020515096,-1.2741017068344773,1.3785471672447793,0.47418002413336946,51,0.027589784180685008,0.13732507797785612,-0.020652141418301167
2023,TOT,R8 both high pen,57,2.0085110623251485,-0.27625919211766314,4.29328131676796,0.07408724695434454,13,0.040467720685112014,0.27935613241856383,-0.01793338978203388
