game_id,p_home_win,p_reg_home,p_reg_tie,p_home_m15,mean_total,mean_home_goals,mean_away_goals,n_sims,p_tot_0,p_tot_1,p_tot_2,p_tot_3,p_tot_4,p_tot_5,p_tot_6,p_tot_7,p_tot_8,p_tot_9,p_tot_10,p_tot_11,p_tot_12,p_tot_13,p_tot_14,p_tot_15,event_id,date,home,away,home_win,pin_p_h,med_dec_h,med_dec_a,h_gr,a_gr,pick,ret,clv,fav,month
2024020009,0.518,0.4135,0.2125,0.3305,6.43,3.295,3.135,2000,0.0,0.0095,0.012,0.097,0.07,0.2235,0.0965,0.212,0.0695,0.1145,0.037,0.0355,0.0075,0.011,0.0025,0.002,4033907ceef0009b20b0044d72d1c36d,2024-10-09,VAN,CGY,0,0.6362901596282077,1.5050505050505052,2.65,-9.977523522433605e-05,-0.0021686147672688354,away,1.65,-0.013648650194245437,False,2024-10
2024020017,0.523,0.403,0.224,0.304,6.01,3.053,2.956,2000,0.0,0.014,0.0125,0.13,0.085,0.2405,0.0985,0.1995,0.0605,0.0985,0.023,0.021,0.0075,0.006,0.002,0.0015,3d8f46caeade2c4ba6a01e4d98244b47,2024-10-10,NSH,DAL,0,0.4479937670432411,2.1,1.7633587786259541,-0.0011738546822998043,-3.97815981656871e-05,home,-1.0,-0.028196709147235044,False,2024-10
2024020034,0.6085,0.4975,0.213,0.401,6.35,3.538,2.8165,2000,0.0,0.0125,0.014,0.103,0.0715,0.22,0.096,0.204,0.081,0.11,0.0335,0.0325,0.0075,0.0115,0.0005,0.0025,060c159ba37d863632de1535e5639132,2024-10-12,COL,CBJ,0,0.7407407407407408,1.2985074626865671,3.7,-0.0027121472048782687,-0.00039344448221745386,away,2.7,-0.01101101101101104,False,2024-10
2024020035,0.475,0.352,0.2245,0.261,6.64,3.21,3.4305,2000,0.0,0.0085,0.0115,0.084,0.0525,0.213,0.1045,0.222,0.075,0.124,0.031,0.042,0.0145,0.011,0.003,0.0035,623194b0b1eb984b1b0ee2090ac8b1b0,2024-10-12,CGY,PHI,1,0.5500363507751557,1.7692307692307692,2.1,-0.0025397628003334845,-0.011206443853703948,away,-1.0,-0.026226826965631833,False,2024-10
2024020036,0.6795,0.5755,0.2075,0.4685,6.36,3.8005,2.558,2000,0.0,0.0125,0.0125,0.0975,0.0715,0.229,0.0955,0.2115,0.079,0.1005,0.0365,0.028,0.0095,0.0125,0.0025,0.0015,489f5dbeef93e1d90383df02c063a467,2024-10-12,EDM,CHI,0,0.7487654855756736,1.2816901408450705,3.8,-5.227877131918777e-06,-0.00042307149002171994,away,2.8,-0.011923380312515663,False,2024-10
2024020037,0.509,0.3985,0.2215,0.3075,6.27,3.1675,3.106,2000,0.0,0.01,0.015,0.109,0.067,0.223,0.109,0.2095,0.0735,0.1085,0.024,0.035,0.0075,0.005,0.002,0.002,bb7c109d21d9d53a657ea88bd22db4c4,2024-10-12,SJS,ANA,0,0.4479937670432411,2.15,1.7462686567164178,-0.0012453706043034616,-0.0009957202921389236,home,-1.0,-0.017122512026526315,False,2024-10
2024020039,0.4925,0.3655,0.2405,0.28,6.22,3.076,3.1405,2000,0.0,0.012,0.0165,0.1155,0.0675,0.226,0.1015,0.2015,0.0735,0.107,0.0315,0.038,0.0045,0.003,0.0015,0.0005,f7c82b8f331393dab2a5680e6981bc9c,2024-10-13,DAL,SEA,1,0.6069415603678433,1.5813953488372094,2.4699999999999998,-0.0007129827955049633,-0.0009889606082784138,away,-1.0,-0.011799859962985049,False,2024-10
2024020048,0.4735,0.3595,0.229,0.2645,6.13,2.9905,3.1395,2000,0.0,0.014,0.018,0.122,0.0705,0.226,0.096,0.2085,0.074,0.1035,0.03,0.021,0.008,0.005,0.0015,0.002,460ccf2dead0191e1da561cf97a9a04c,2024-10-15,TBL,VAN,1,0.5500363507751557,1.7518796992481203,2.15,-0.00019255098652122226,-0.0010412980899795722,away,-1.0,-0.015152629844923104,False,2024-10
2024020059,0.624,0.519,0.204,0.4265,6.59,3.73,2.856,2000,0.0,0.01,0.01,0.092,0.0665,0.2055,0.1025,0.2015,0.0885,0.11,0.0425,0.0425,0.0105,0.011,0.005,0.002,61e4c17d13a861d543b648843857d97f,2024-10-16,COL,BOS,0,0.5520062329567588,1.7194244604316546,2.1799999999999997,-0.0037177253627213905,-0.0017895414192749771,home,-1.0,-0.029583725202237066,True,2024-10
2024020083,0.5115,0.402,0.2245,0.3015,5.89,2.98,2.9145,2000,0.0,0.0135,0.018,0.136,0.085,0.249,0.107,0.1825,0.0635,0.088,0.017,0.029,0.0075,0.003,0.0005,0.0005,5919ec4ce3522bb582ead85626298759,2024-10-19,CBJ,MIN,0,0.3808517736016902,2.55,1.5617977528089888,-0.0008436734458782995,-0.00013463112972093483,home,-1.0,-0.011305089143407887,False,2024-10
2024020112,0.534,0.418,0.217,0.318,6.2,3.193,3.0085,2000,0.0,0.0155,0.0185,0.1045,0.0675,0.2305,0.1055,0.2085,0.0725,0.0985,0.0365,0.0285,0.0055,0.0045,0.0015,0.002,3298a8d4d42ce3829458ee02e41b413c,2024-10-24,TBL,MIN,0,0.6018002898771836,1.617283950617284,2.41,-0.0010646754992151874,-0.0017605177268617581,away,1.4100000000000001,-0.016738049213283146,False,2024-10
2024020120,0.4655,0.348,0.229,0.2575,6.24,3.0095,3.229,2000,0.0,0.015,0.017,0.1105,0.077,0.226,0.0945,0.199,0.071,0.1005,0.032,0.038,0.006,0.012,0.001,0.0005,e1caf4cbf33fb05bd9a956877c64313d,2024-10-25,CHI,NSH,0,0.39155651073100356,2.45,1.5813953488372094,-0.0006827849421251359,-0.00038294705128035346,home,-1.0,-0.016606754575118843,False,2024-10
2024020129,0.521,0.4035,0.2235,0.299,6.48,3.296,3.188,2000,0.0,0.013,0.011,0.096,0.055,0.226,0.1055,0.201,0.075,0.116,0.0385,0.0365,0.011,0.0115,0.002,0.002,fac682e965b2100f88cd67f030b7afe9,2024-10-26,CGY,WPG,0,0.44218397130548653,2.1449999999999996,1.7463102199944305,-0.002090516779771229,-0.001388120005669418,home,-1.0,-0.024016494894979756,False,2024-10
2024020147,0.539,0.4345,0.199,0.3285,6.55,3.3945,3.1605,2000,0.0,0.0105,0.0115,0.091,0.058,0.219,0.1045,0.2085,0.0715,0.1125,0.0425,0.0455,0.009,0.01,0.003,0.003,54d44558b1fdcec80d6217f687bd4099,2024-10-28,VGK,CGY,1,0.5916792592354435,1.6134969325153374,2.3899999999999997,-0.0011296359158046228,-0.002085141169535691,away,-1.0,-0.010089301076447732,False,2024-10
2024020148,0.5175,0.407,0.219,0.3095,6.17,3.139,3.0285,2000,0.0,0.013,0.0205,0.1195,0.0725,0.224,0.093,0.2085,0.0705,0.103,0.027,0.0295,0.01,0.007,0.001,0.001,bee37681a266d59f7455f7a4fc9a1a9b,2024-10-29,BOS,PHI,0,0.5916792592354435,1.621141975308642,2.3550000000000004,-0.0019083911626468345,-0.002147547243114453,away,1.3550000000000004,-0.01630770934160053,False,2024-10
2024020157,0.561,0.443,0.222,0.339,6.2,3.289,2.9125,2000,0.0,0.013,0.0145,0.114,0.067,0.232,0.11,0.1995,0.0705,0.1065,0.0245,0.0315,0.0075,0.0065,0.001,0.002,2873be82511820fb5e0a303c5a6f7222,2024-10-30,COL,TBL,0,0.47598060819744376,1.9803921568627452,1.8547008547008548,-0.00012785220757933384,-0.0003877918590333158,home,-1.0,-0.0289698868520612,False,2024-10
2024020178,0.6005,0.488,0.214,0.3875,6.34,3.4995,2.8425,2000,0.0,0.0155,0.013,0.107,0.0715,0.216,0.103,0.2005,0.071,0.109,0.0315,0.039,0.0085,0.0105,0.0015,0.0025,ee86066c5bf4b2f21befde294a337e45,2024-11-02,OTT,SEA,1,0.5324532453245325,1.8,2.05,-0.0014221393598477833,-0.0013397853095978433,home,0.8,-0.02310231023102305,True,2024-11
2024020183,0.5285,0.4195,0.2085,0.325,6.37,3.281,3.0875,2000,0.0,0.01,0.014,0.097,0.071,0.2285,0.102,0.1995,0.0855,0.102,0.0315,0.042,0.0045,0.0075,0.0015,0.0035,1bbfa7677cb3a9eabdacbdb9ff93c0c2,2024-11-02,VGK,UTA,1,0.6033428208078484,1.6024096385542168,2.4299999999999997,-0.0007446863035625095,-2.712827767812617e-05,away,-1.0,-0.014865454552704438,False,2024-11
2024020193,0.58,0.4715,0.2095,0.377,6.73,3.6565,3.0745,2000,0.0,0.01,0.0095,0.0865,0.0605,0.198,0.096,0.194,0.095,0.1295,0.0395,0.0525,0.0135,0.0085,0.002,0.005,689b7807c93d792c0135dd4fa43e8d48,2024-11-04,EDM,NJD,0,0.458306294613887,2.1,1.7692307692307692,-0.0005168172950502376,-0.0007017125363692443,home,-1.0,-0.017884181576589164,False,2024-11
2024020210,0.5415,0.431,0.213,0.3305,6.37,3.3175,3.0535,2000,0.0,0.0105,0.0145,0.0935,0.067,0.218,0.11,0.2125,0.08,0.1125,0.0355,0.03,0.0075,0.0055,0.0005,0.0025,649db83a54382f9678a811221f2ba7a7,2024-11-07,TBL,PHI,0,0.6629225583423973,1.4694835680751175,2.8,-0.0004199344040262356,-0.012351260366902546,away,1.7999999999999998,-0.02006541548525448,False,2024-11
2024020211,0.506,0.3985,0.219,0.302,6.59,3.32,3.27,2000,0.0,0.01,0.0105,0.0915,0.066,0.205,0.1055,0.204,0.078,0.115,0.0415,0.0465,0.0075,0.013,0.0025,0.0035,7565bc100cb6534fe3559b652c722325,2024-11-07,FLA,NSH,1,0.6595651218976498,1.462962962962963,2.8,-3.2630483482896785e-06,-0.002078272803501376,away,-1.0,-0.01670797904050697,False,2024-11
2024020219,0.3695,0.268,0.2105,0.197,6.32,2.749,3.5755,2000,0.0,0.01,0.0135,0.0975,0.0745,0.23,0.088,0.2165,0.0765,0.112,0.0385,0.029,0.005,0.0065,0.0025,0.0,c02bb2d4d51ba290b2d89dc0316436f9,2024-11-07,SJS,MIN,0,0.3043478260869565,3.2,1.3745318352059925,-0.0006455254449929165,-0.002141413202055183,home,-1.0,-0.008152173913043514,False,2024-11
2024020238,0.3995,0.305,0.198,0.2195,6.89,3.094,3.792,2000,0.0,0.0075,0.006,0.075,0.056,0.1915,0.093,0.21,0.0985,0.132,0.0535,0.043,0.0115,0.0135,0.0055,0.0035,c047bb93eb8b8918fdfa06a485471ae5,2024-11-10,ANA,CBJ,1,0.5240193918025562,1.8547008547008548,2.0,-0.00030866633942683053,-0.0016406743471068632,away,-1.0,-0.02401939180255619,False,2024-11
2024020240,0.5935,0.4795,0.2125,0.3815,6.16,3.3925,2.7675,2000,0.0,0.015,0.014,0.1165,0.0775,0.2345,0.103,0.192,0.0675,0.097,0.032,0.0345,0.008,0.0065,0.001,0.001,e0007c71c4be49543066be6a73846b69,2024-11-11,PHI,SJS,1,0.7094831319135536,1.3636363636363638,3.3,-0.0008582511581033231,-0.000944697234524854,away,-1.0,-0.01251343494385665,False,2024-11
2024020270,0.5515,0.4515,0.194,0.357,6.43,3.3915,3.0365,2000,0.0,0.01,0.013,0.1025,0.07,0.199,0.106,0.218,0.0775,0.109,0.038,0.036,0.008,0.0095,0.0025,0.001,bfb094657d2eb6d6432dbefc1f9302c1,2024-11-15,UTA,VGK,0,0.4769828064337216,2.05,1.8,-0.00012421141802531125,-0.0007357530392205404,home,-1.0,-0.010822071615058937,False,2024-11
2024020278,0.5695,0.4465,0.21,0.346,6.27,3.332,2.936,2000,0.0,0.0165,0.0125,0.106,0.0665,0.23,0.1115,0.1975,0.0625,0.111,0.0345,0.0365,0.0065,0.004,0.0025,0.002,86713ee020fbd97893dceda64d4e021c,2024-11-16,PHI,BUF,1,0.5023229882921391,1.9090909090909092,1.9433962264150944,-0.011807304632251318,-0.0015198417436791795,home,0.9090909090909092,-0.021486535517384775,True,2024-11
2024020283,0.6145,0.5095,0.2145,0.4195,6.02,3.4325,2.5855,2000,0.0,0.018,0.0175,0.127,0.08,0.233,0.1075,0.1865,0.0675,0.089,0.032,0.027,0.0075,0.0055,0.001,0.001,247c63c5d1fcc627424c4bc217f198bd,2024-11-16,VAN,CHI,1,0.6732289817653704,1.4,3.02,-0.0019226982074755448,-0.0007786983018070055,away,-1.0,-0.0043548095799399444,False,2024-11
2024020288,0.5545,0.4345,0.2195,0.3435,6.1,3.2135,2.889,2000,0.0,0.0135,0.021,0.1135,0.077,0.228,0.109,0.2,0.0645,0.105,0.0265,0.0315,0.006,0.0035,0.0005,0.0005,44b926b81ec422443a502b5b45c2bfd8,2024-11-18,BOS,CBJ,0,0.638854296388543,1.526315789473684,2.6,-0.000695083699554329,-0.0001983000849669636,away,1.6,-0.023469681003927545,False,2024-11
2024020301,0.5735,0.4705,0.2135,0.366,6.59,3.5385,3.05,2000,0.0,0.009,0.01,0.08,0.069,0.222,0.092,0.226,0.072,0.111,0.037,0.039,0.012,0.0145,0.0045,0.002,c83d30d9113aacf0bdf2f4cf5808d6d6,2024-11-20,TOR,VGK,1,0.5046466242274987,1.9090909090909092,1.9090909090909092,-0.00038446762139789076,-0.00035169681883420164,home,0.9090909090909092,-0.019162899582025106,True,2024-11
2024020313,0.443,0.343,0.202,0.247,6.11,2.8635,3.25,2000,0.0,0.016,0.017,0.121,0.079,0.232,0.101,0.187,0.07,0.1015,0.0295,0.0275,0.0085,0.0055,0.0025,0.002,1d4618ec8fcf63aa1f50440d217339da,2024-11-21,CHI,FLA,1,0.312960235640648,3.075,1.4,-7.816340422037972e-06,-0.0011903554573252785,home,2.075,-0.012243016391872308,False,2024-11
2024020338,0.554,0.455,0.203,0.35,6.71,3.5245,3.181,2000,0.0,0.0095,0.0125,0.077,0.061,0.2055,0.1025,0.204,0.0785,0.131,0.0405,0.0475,0.0145,0.0115,0.0015,0.003,71adbd30fe76d7636db85e2246f8c851,2024-11-25,PHI,VGK,0,0.43762053107847504,2.2,1.7142857142857144,-0.01151119413520652,-0.0007517572150975408,home,-1.0,-0.01692492346697949,False,2024-11
2024020372,0.518,0.404,0.2145,0.3175,6.37,3.224,3.1475,2000,0.0,0.014,0.015,0.1015,0.073,0.2175,0.0895,0.2095,0.078,0.105,0.034,0.041,0.011,0.0075,0.002,0.0015,40ac8331e5070d789b517a73279d46a8,2024-11-29,BOS,PIT,0,0.6084434892689964,1.5882352941176472,2.46,-0.0014663814698709064,-0.0012485581975532985,away,1.46,-0.014947554309646782,False,2024-11
2024020399,0.545,0.434,0.2065,0.341,6.85,3.571,3.282,2000,0.0,0.0075,0.008,0.075,0.067,0.187,0.092,0.2175,0.0835,0.1215,0.0465,0.0605,0.016,0.0135,0.001,0.0035,c94762e0677328a4550df6494bce2e4f,2024-12-03,PIT,FLA,1,0.380359612724758,2.5,1.5649717514124295,-0.0010010520459727821,-0.0003366199487248292,home,1.5,-0.019640387275242033,False,2024-12
2024020414,0.5155,0.41,0.217,0.3125,6.61,3.4015,3.207,2000,0.0,0.0115,0.014,0.082,0.0565,0.2125,0.1015,0.2095,0.0815,0.1195,0.04,0.048,0.0095,0.0105,0.0015,0.002,d7488533cc89531efe63489faa80fc59,2024-12-05,PHI,FLA,0,0.3702782975048739,2.59,1.5464480874316942,-0.01154331378897019,-0.0011295968331114055,home,-1.0,-0.015822088595512207,False,2024-12
2024020418,0.6185,0.516,0.205,0.4175,6.6,3.7175,2.8795,2000,0.0,0.012,0.0125,0.086,0.0735,0.1995,0.1025,0.194,0.08,0.13,0.0415,0.0395,0.0115,0.0115,0.001,0.005,86453283f3209a481b7698ca22083c6f,2024-12-05,EDM,CBJ,1,0.7145373379088342,1.3424657534246576,3.4,-0.0005575197179027814,-0.0022643796702799036,away,-1.0,-0.008654984967657764,False,2024-12
2024020432,0.447,0.334,0.2215,0.242,6.41,3.0135,3.3935,2000,0.0,0.007,0.0145,0.098,0.0685,0.2225,0.1,0.2115,0.075,0.1105,0.034,0.042,0.006,0.007,0.002,0.0015,b258c5a929e83fc794e66a3f29d85203,2024-12-07,DET,COL,0,0.33707744165760256,2.8,1.4651162790697674,-0.002658330508658471,-0.0026803131851774243,home,-1.0,-0.02006541548525459,False,2024-12
2024020447,0.4795,0.3835,0.208,0.3075,6.81,3.3695,3.4365,2000,0.0,0.0065,0.008,0.0805,0.0605,0.173,0.106,0.2335,0.086,0.13,0.0405,0.0425,0.0125,0.011,0.0035,0.006,4b2c8d274f18a26ec56fa2905889cb0e,2024-12-10,PIT,COL,0,0.3794411866160745,2.55,1.5555555555555556,-0.0008908321421300819,-0.0016617705946705007,home,-1.0,-0.012715676129023579,False,2024-12
2024020449,0.5425,0.4315,0.201,0.342,6.18,3.194,2.988,2000,0.0,0.0135,0.02,0.1035,0.0695,0.2275,0.1175,0.1985,0.0795,0.0965,0.032,0.0285,0.0075,0.005,0.0,0.001,d4a9d82f5a74007b2def6b90c936a1c7,2024-12-10,CBJ,PHI,0,0.47377843762281124,2.06,1.8,-0.0007976671091905965,-0.001336485310685489,home,-1.0,-0.011658455581072258,False,2024-12
2024020485,0.472,0.367,0.205,0.278,6.48,3.1335,3.3485,2000,0.0,0.0075,0.014,0.093,0.07,0.2075,0.106,0.227,0.067,0.1105,0.0295,0.044,0.0085,0.009,0.003,0.0035,3e348b00afe6135bc6713c9df4203e69,2024-12-14,CGY,FLA,1,0.36630974947487066,2.65,1.5319148936170213,-0.0018674090959571006,-0.0017037707224664231,home,1.65,-0.011048741091167102,False,2024-12
2024020493,0.5755,0.4525,0.2255,0.352,6.33,3.3975,2.933,2000,0.0,0.008,0.012,0.1075,0.077,0.2235,0.1005,0.2185,0.0625,0.099,0.0285,0.037,0.012,0.009,0.0015,0.0035,8025d0396ecac402e60066105af07a7f,2024-12-15,MIN,VGK,0,0.5046466242274987,1.9090909090909092,1.9174311926605505,-0.0035068290167605018,-0.0011138037173830668,home,-1.0,-0.019162899582025106,True,2024-12
2024020498,0.5905,0.496,0.191,0.389,6.36,3.501,2.855,2000,0.0,0.0105,0.015,0.107,0.0655,0.2175,0.0965,0.2135,0.0785,0.11,0.032,0.0315,0.01,0.0095,0.0015,0.0015,4edde452555399f50065b9ab704af86e,2024-12-17,TBL,CBJ,1,0.6929176364392605,1.3875968992248062,3.1,-0.0003380201679094283,-5.443350791201616e-05,away,-1.0,-0.015498281600550834,False,2024-12
2024020509,0.5235,0.423,0.2075,0.3285,6.21,3.1855,3.0245,2000,0.0,0.0085,0.0195,0.108,0.077,0.22,0.116,0.206,0.0725,0.093,0.0295,0.0315,0.0095,0.0065,0.002,0.0005,f69742064e8bca89bdea8b97f849f6b9,2024-12-18,MIN,FLA,0,0.41493775933609955,2.3200000000000003,1.6451612903225805,-0.002019971004971981,-0.001384820843212955,home,-1.0,-0.01609672342252111,False,2024-12
2024020514,0.4405,0.3275,0.2135,0.249,6.89,3.221,3.67,2000,0.0,0.0075,0.0105,0.07,0.0645,0.184,0.1015,0.214,0.084,0.126,0.0415,0.057,0.013,0.0165,0.0045,0.0055,5e76a99640b2c44af64a2036d5c20aab,2024-12-19,CBJ,NJD,1,0.333459564083144,2.85,1.4444444444444444,-0.0014933463975295945,-3.0165860977034442e-05,home,1.85,-0.017417628899312143,False,2024-12
2024020523,0.646,0.548,0.2015,0.434,6.43,3.719,2.716,2000,0.0,0.0075,0.0085,0.1035,0.0705,0.222,0.1025,0.1985,0.082,0.109,0.039,0.0335,0.0105,0.0075,0.003,0.0025,916cb753022c302d81c9df2a9f8c09fb,2024-12-20,FLA,STL,1,0.7290156953565923,1.3333333333333333,3.5,-0.001118680482684706,-0.0003810917021343612,away,-1.0,-0.014729981070877973,False,2024-12
2024020538,0.575,0.468,0.2115,0.366,6.46,3.455,3.0055,2000,0.0,0.0135,0.018,0.1015,0.064,0.203,0.0955,0.2,0.085,0.12,0.035,0.041,0.0105,0.0085,0.0025,0.002,4a07d3566ec62e762e0305eb9227ff6e,2024-12-21,VGK,SEA,1,0.6336902505251294,1.5128205128205128,2.65,-0.0011142921027016137,-0.0021963400745906177,away,-1.0,-0.011048741091167158,False,2024-12
2024020575,0.5185,0.4175,0.2035,0.328,6.66,3.41,3.252,2000,0.0,0.007,0.0115,0.08,0.0745,0.202,0.1045,0.205,0.0805,0.1185,0.0385,0.048,0.01,0.011,0.0035,0.0055,ceafe7e6aa4e23e870c9cb2b73935e18,2024-12-28,NYI,PIT,1,0.6002460024600246,1.625,2.35,-0.001119584583908697,-0.0017282800332456328,away,-1.0,-0.0257779173536416,False,2024-12
2024020584,0.5455,0.44,0.2165,0.34,6.6,3.4595,3.1375,2000,0.0,0.0085,0.0085,0.0845,0.0715,0.201,0.1095,0.208,0.0805,0.1245,0.035,0.0455,0.009,0.0095,0.001,0.0035,783d55d616914db0add635c2de05b317,2024-12-29,VGK,CGY,1,0.6592187396607627,1.4545454545454546,2.85,-0.0010137909360902785,-0.0037440603100986963,away,-1.0,-0.010095932643218841,False,2024-12
2024020599,0.4475,0.335,0.2195,0.258,6.34,2.993,3.349,2000,0.0,0.0125,0.0155,0.1,0.078,0.209,0.097,0.2135,0.079,0.111,0.027,0.041,0.008,0.006,0.0,0.0025,34c199f612a68c55bcd17bb4f7ab2feb,2024-12-31,SJS,PHI,0,0.39006574141709277,2.46,1.5714285714285714,-0.0028830865976556233,-0.0034147183369745513,home,-1.0,-0.016438323623557627,False,2024-12
2024020612,0.5665,0.4495,0.2225,0.357,6.16,3.29,2.8675,2000,0.0,0.011,0.013,0.1245,0.0775,0.2305,0.101,0.1915,0.0715,0.104,0.0315,0.0285,0.0045,0.0085,0.0015,0.001,75254383e926508a4c8ffb09e8c28004,2025-01-02,VGK,PHI,1,0.6219592373438527,1.5494505494505495,2.58,-0.00029004416362730966,-0.001352985039816254,away,-1.0,-0.00955613656865889,False,2025-01
2024020625,0.5475,0.437,0.211,0.33,6.22,3.2585,2.9655,2000,0.0,0.0135,0.0145,0.1225,0.072,0.2125,0.1065,0.1955,0.0765,0.1045,0.034,0.03,0.0075,0.006,0.0025,0.002,b1359d1fd53b5316e032a801ad3503bc,2025-01-04,CBJ,STL,1,0.48605192232383504,2.0,1.847457627118644,-0.0012512168654496502,-0.0007912553386219338,home,1.0,-0.01394807767616496,False,2025-01
2024020631,0.433,0.315,0.2285,0.2325,6.43,2.957,3.474,2000,0.0,0.009,0.012,0.1,0.0655,0.211,0.1075,0.223,0.071,0.106,0.036,0.037,0.0085,0.01,0.001,0.0025,bdb2f3079bad25c28ded05435f19464d,2025-01-04,SEA,EDM,0,0.37755908731565024,2.58,1.5405405405405406,-0.0026550544502388566,-0.0008230209279950942,home,-1.0,-0.010037811909155925,False,2025-01
2024020633,0.576,0.464,0.2185,0.361,6.01,3.226,2.7805,2000,0.0,0.019,0.014,0.1225,0.076,0.2385,0.105,0.204,0.074,0.085,0.0225,0.0285,0.004,0.0045,0.002,0.0005,84f112456d5af244f2051e46ed3088d7,2025-01-05,BOS,NYI,0,0.5046466242274987,1.970873786407767,1.8547008547008548,-0.0013474731167443335,-0.0009590077124710769,home,-1.0,-0.002742538334077671,True,2025-01
2024020635,0.4765,0.374,0.204,0.281,6.31,3.0635,3.2455,2000,0.0,0.011,0.0165,0.1015,0.058,0.2345,0.1095,0.2045,0.0725,0.115,0.027,0.0335,0.0065,0.0065,0.002,0.0015,93293c1b55c51809de00f5cc317c2f0c,2025-01-05,TOR,PHI,1,0.5782326921098653,1.6756756756756757,2.26,-0.000688800025414837,-0.012306353349597711,away,-1.0,-0.020710568216059988,False,2025-01
2024020649,0.429,0.3285,0.2005,0.2515,6.65,3.054,3.596,2000,0.0,0.0105,0.011,0.081,0.0675,0.2065,0.1075,0.2045,0.082,0.107,0.0445,0.042,0.012,0.015,0.005,0.004,548f9697e9dbeaea05b77c4792600314,2025-01-07,SJS,VGK,0,0.3041067405995495,3.2,1.3703703703703702,-0.003108876751363241,-8.661769836625187e-06,home,-1.0,-0.008393259400450492,False,2025-01
2024020660,0.55,0.43,0.228,0.3325,6.25,3.303,2.9495,2000,0.0,0.014,0.0135,0.108,0.0715,0.2215,0.1035,0.215,0.063,0.112,0.0315,0.0295,0.01,0.0035,0.0015,0.002,797aaebe180bc9f6314e58ff3214dab3,2025-01-09,CBJ,SEA,1,0.4672897196261683,2.05,1.8,-0.0014543279934158772,-0.0025795539675910273,home,1.0499999999999998,-0.020515158422612256,False,2025-01
2024020676,0.38,0.2765,0.2055,0.2095,6.19,2.724,3.4675,2000,0.0,0.0125,0.0185,0.1085,0.0735,0.221,0.109,0.2135,0.073,0.097,0.027,0.03,0.007,0.007,0.001,0.0015,4bd593bd375a4962b2ee5d2ca1b37abb,2025-01-11,CHI,EDM,0,0.22503606054519892,4.15,1.25,-0.0014572917824586778,-0.0010445319383118306,home,-1.0,-0.015927794876487794,False,2025-01
2024020681,0.469,0.348,0.233,0.263,5.83,2.796,3.0385,2000,0.0,0.016,0.0225,0.138,0.079,0.241,0.1165,0.19,0.066,0.0725,0.0265,0.024,0.005,0.0025,0.0,0.0005,058640642eb64200352419e321963d69,2025-01-11,CGY,LAK,1,0.5357590966122961,1.8,2.05,-0.0009564584324744628,-0.000516039932392014,away,-1.0,-0.02356397466107668,False,2025-01
2024020690,0.471,0.3575,0.2155,0.271,5.89,2.85,3.038,2000,0.0,0.0175,0.0185,0.1305,0.087,0.2415,0.108,0.1925,0.0605,0.0845,0.026,0.0225,0.0065,0.0035,0.0,0.001,12d01b38fea23f35bf7aa3dc8a162b04,2025-01-13,CHI,CGY,0,0.40609137055837563,2.3600000000000003,1.6289308176100628,-0.0016254760324808048,-0.00042534161583300496,home,-1.0,-0.01763744300094633,False,2025-01
2024020713,0.4925,0.3785,0.232,0.283,5.86,2.91,2.9525,2000,0.0,0.0185,0.0185,0.13,0.082,0.245,0.1055,0.2015,0.066,0.081,0.0255,0.017,0.0035,0.0045,0.0015,0.0,b08e8ec69fee51401f02535b558fb175,2025-01-16,STL,CGY,1,0.5578160286945135,1.7407407407407407,2.17,-0.0011940811048059875,-0.00036531854613737117,away,-1.0,-0.01864552178207113,False,2025-01
2024020714,0.59,0.484,0.2155,0.3845,6.09,3.3485,2.7375,2000,0.0,0.018,0.017,0.122,0.082,0.2205,0.1105,0.194,0.068,0.09,0.028,0.033,0.006,0.009,0.0005,0.0015,89a6126048760923084e95fca71eabeb,2025-01-16,NSH,CHI,1,0.7188330470275587,1.3496503496503496,3.4,-6.921050069134428e-05,-0.0014287207976212439,away,-1.0,-0.01295069408638222,False,2025-01
2024020732,0.4225,0.311,0.2255,0.234,6.13,2.809,3.3235,2000,0.0,0.0195,0.016,0.1155,0.063,0.239,0.1045,0.1915,0.073,0.107,0.0295,0.0285,0.0065,0.0045,0.002,0.0,49ea7ddadf31f2dcba2ecda367e6abeb,2025-01-18,CHI,VGK,1,0.3070823635607395,3.15,1.4,-0.0019434874731158807,-0.0002909944221255134,home,2.15,-0.010377953899577963,False,2025-01
2024020733,0.512,0.3875,0.237,0.293,5.88,2.9945,2.8835,2000,0.0,0.021,0.018,0.129,0.0895,0.252,0.0925,0.185,0.0655,0.0905,0.0195,0.026,0.0055,0.0045,0.0005,0.001,1462cce1cac3e086586329d8bd2fea2b,2025-01-18,NSH,MIN,1,0.6323766526926797,1.53475935828877,2.6399999999999997,-2.768300897495789e-06,-0.0023475126610121755,away,-1.0,-0.01116453148055857,False,2025-01
2024020748,0.558,0.4505,0.2135,0.3575,6.06,3.239,2.8195,2000,0.0,0.015,0.014,0.126,0.078,0.2365,0.116,0.177,0.0705,0.0975,0.026,0.027,0.008,0.0065,0.001,0.001,43bc8d77011a8802c612bf4f63b3cf28,2025-01-20,LAK,PIT,0,0.6332518337408314,1.526315789473684,2.6,-0.00037978410785775363,-0.001994460842187637,away,1.6,-0.017867218356215964,False,2025-01
2024020755,0.5495,0.441,0.2255,0.346,5.59,2.964,2.626,2000,0.0,0.027,0.0265,0.1595,0.0925,0.239,0.106,0.174,0.0575,0.0725,0.0185,0.017,0.0045,0.0045,0.0,0.001,efda6a6808ec067472fbebe1971ffc59,2025-01-21,VAN,BUF,0,0.629269318749507,1.5405405405405406,2.6,-2.255277905200331e-05,-0.0003383106207240233,away,1.6,-0.01388470336489156,False,2025-01
2024020757,0.5635,0.4665,0.2015,0.3685,6.05,3.2585,2.7925,2000,0.0,0.0135,0.0155,0.131,0.0825,0.225,0.1045,0.204,0.0645,0.087,0.0265,0.0305,0.0045,0.0075,0.001,0.0025,d5eb0bdc852679892d2afda66409a40e,2025-01-22,TOR,CBJ,0,0.6417917746589076,1.5050505050505052,2.6799999999999997,-0.0008956607660225509,-0.0011955667535890168,away,1.6799999999999997,-0.014926103017116554,False,2025-01
2024020761,0.5065,0.4035,0.2115,0.305,6.0,3.013,2.9915,2000,0.0,0.015,0.0215,0.1145,0.0775,0.235,0.107,0.2065,0.08,0.0925,0.0175,0.021,0.0065,0.0045,0.0,0.001,a9446196200ca9a7fef47da29b86e5b1,2025-01-23,BOS,OTT,1,0.40609137055837563,2.3600000000000003,1.6329113924050633,-0.001665713314671788,-0.0025873869553438133,home,1.3600000000000003,-0.01763744300094633,False,2025-01
2024020772,0.426,0.3325,0.2215,0.2485,5.88,2.7425,3.1375,2000,0.0,0.014,0.017,0.1375,0.0745,0.2605,0.11,0.1745,0.074,0.08,0.026,0.025,0.003,0.0025,0.0005,0.001,e1ce3e1e2c796d64e422167b1b559ae9,2025-01-24,NYI,PHI,1,0.5833751631362312,1.6451612903225805,2.33,-0.0006429171060943334,-0.012184488891201052,away,-1.0,-0.012559712492454356,False,2025-01
2024020773,0.428,0.317,0.215,0.236,5.91,2.7165,3.198,2000,0.0,0.0225,0.0165,0.124,0.0925,0.234,0.112,0.1845,0.0655,0.086,0.027,0.02,0.0075,0.0065,0.0015,0.0,07c01a17afbbee37aff39b4c444ac8bc,2025-01-24,CHI,TBL,0,0.31808312064302313,3.0,1.425531914893617,-0.0010043835219594919,-0.0018318459624078467,home,-1.0,-0.015250212690310183,False,2025-01
2024020788,0.3755,0.2725,0.206,0.198,6.32,2.741,3.5825,2000,0.0,0.01,0.015,0.1075,0.0775,0.221,0.102,0.1865,0.0785,0.1125,0.0335,0.0325,0.012,0.01,0.001,0.0005,29beb4d5779b5f6e05f65deafbfeb453,2025-01-25,SJS,FLA,0,0.2738776217715375,3.55,1.3279569892473118,-0.0024281414465044484,-0.00048675778851239653,home,-1.0,-0.00781251907353292,False,2025-01
2024020791,0.5545,0.444,0.2335,0.354,6.01,3.189,2.82,2000,0.0,0.019,0.014,0.1235,0.084,0.244,0.104,0.1875,0.0615,0.094,0.024,0.0265,0.0075,0.0085,0.001,0.001,fd90cd96f73166cccdc9573289aaba89,2025-01-26,WPG,CGY,1,0.6519133241124943,1.4761904761904763,2.8,-0.002133959456102845,-0.0036353419052404063,away,-1.0,-0.009056181255351403,False,2025-01
2024020801,0.6525,0.5395,0.2105,0.4235,5.78,3.3915,2.3915,2000,0.0,0.017,0.024,0.147,0.078,0.243,0.111,0.1815,0.068,0.0815,0.0195,0.0195,0.0055,0.0035,0.0,0.001,ba4d0432ae6c3a77d778513993476a19,2025-01-28,TBL,CHI,0,0.7811534500514932,1.2352941176470589,4.3,-0.002104721280104444,-0.0010889049297896328,away,3.3,-0.013711589586376888,False,2025-01
2024020820,0.6395,0.528,0.214,0.425,6.13,3.52,2.6075,2000,0.0,0.0145,0.0185,0.113,0.0725,0.2325,0.116,0.196,0.075,0.0855,0.0285,0.029,0.0105,0.006,0.001,0.0015,5edbfe12fad3197125020813419c367e,2025-01-30,VGK,CBJ,0,0.7213080518208594,1.3333333333333333,3.45,-0.0007443715352732224,-0.0002496177739020525,away,2.45,-0.011163124284627568,False,2025-01
2024020830,0.545,0.4385,0.199,0.333,6.32,3.2795,3.041,2000,0.0,0.016,0.015,0.101,0.0765,0.2145,0.1105,0.1995,0.0755,0.101,0.027,0.037,0.0115,0.009,0.0035,0.0025,7e29b312602bd90bd46bcb7d81f35b90,2025-02-01,PIT,NSH,1,0.4804454222980557,2.0,1.8333333333333335,-0.0014664158447490576,-0.0008367070684987159,home,1.0,-0.019554577701944298,False,2025-02
2024020873,0.431,0.306,0.239,0.227,5.69,2.6145,3.0735,2000,0.0,0.024,0.0235,0.1435,0.0925,0.249,0.103,0.18,0.061,0.077,0.019,0.017,0.005,0.003,0.0015,0.001,83c0969745a0dcf0d63cc504d84ec1b6,2025-02-07,CHI,NSH,1,0.3598768256637934,2.65,1.5128205128205128,-0.001818247035820049,-0.0005877581853455696,home,1.65,-0.017481664902244343,False,2025-02
2024020881,0.534,0.4225,0.2165,0.318,5.85,3.022,2.829,2000,0.0,0.0215,0.017,0.1335,0.0795,0.2485,0.1135,0.183,0.063,0.087,0.02,0.0245,0.004,0.004,0.0,0.001,ae2d6c0742e0fc4c3e374dcc00fc486b,2025-02-08,PHI,PIT,1,0.6039037320401216,1.6024096385542168,2.42,-0.002441676081937655,-0.0004023512420959244,away,-1.0,-0.01712687253598938,False,2025-02
2024020898,0.5105,0.3925,0.223,0.291,6.49,3.2485,3.2395,2000,0.0,0.0125,0.01,0.094,0.057,0.2165,0.1105,0.2095,0.076,0.116,0.0365,0.038,0.011,0.01,0.0015,0.001,2e72df8c79d3d7b9e4ce797361fb1dbc,2025-02-22,NSH,COL,1,0.4394987843650645,2.2,1.7142857142857144,-0.0011406275281208157,-0.0025632482772900253,home,1.2000000000000002,-0.01504667018039002,False,2025-02
2024020914,0.6215,0.507,0.2105,0.399,6.55,3.668,2.8815,2000,0.0,0.014,0.014,0.0995,0.0595,0.1885,0.104,0.2165,0.0945,0.108,0.028,0.0385,0.013,0.014,0.004,0.004,cc995353625f94810a457c0221da4c76,2025-02-23,CGY,SJS,1,0.6796484843792343,1.4310344827586206,2.96,-4.519306316269841e-05,-0.003314592200159716,away,-1.0,-0.017486322217072137,False,2025-02
2024020938,0.556,0.4515,0.2085,0.3595,6.4,3.396,3.0025,2000,0.0,0.018,0.015,0.103,0.0635,0.205,0.108,0.1955,0.0815,0.115,0.0355,0.036,0.0105,0.01,0.0015,0.002,aea834d82496335ea3476d702858ac06,2025-02-27,PIT,PHI,1,0.5023229882921391,1.9433962264150944,1.925925925925926,-0.0025038110561881725,-0.0016265996194594653,home,0.9433962264150944,-0.012240118503977437,True,2025-02
2024020941,0.5105,0.403,0.2165,0.315,6.43,3.2475,3.178,2000,0.0,0.0105,0.0125,0.096,0.063,0.212,0.105,0.226,0.081,0.104,0.034,0.0335,0.0115,0.0075,0.0025,0.001,41988253c4b7849907b735f69751d6fc,2025-02-27,NSH,WPG,1,0.44522913947954246,2.15,1.7407407407407407,-0.0008569128043929223,-0.001287930401962911,home,1.15,-0.019887139590224978,False,2025-02
2024020943,0.707,0.606,0.1885,0.498,6.34,3.8555,2.4815,2000,0.0,0.009,0.01,0.1095,0.072,0.2195,0.1085,0.194,0.084,0.1075,0.039,0.027,0.01,0.005,0.002,0.003,05d3a113290b9d00888b5419bf15eac5,2025-02-27,VGK,CHI,1,0.7729720695290447,1.25,4.15,-0.0014433192221315766,-0.0020265596892175626,away,-1.0,-0.013935924950731454,False,2025-02
2024020980,0.5455,0.4405,0.215,0.3405,6.58,3.4635,3.117,2000,0.0,0.01,0.0085,0.086,0.0675,0.2175,0.109,0.1985,0.0785,0.116,0.035,0.041,0.0145,0.0125,0.002,0.0035,6ffbee32ef41d37ead97faf23fe035e5,2025-03-04,COL,PIT,1,0.7050938337801608,1.3571428571428572,3.3,-0.0026902381600238663,-0.0024512304865967785,away,-1.0,-0.008124136810463811,False,2025-03
2024020991,0.5235,0.4205,0.2215,0.3345,6.06,3.1565,2.9075,2000,0.0,0.015,0.019,0.1305,0.0715,0.232,0.0995,0.191,0.08,0.096,0.0245,0.0225,0.005,0.0095,0.0015,0.0025,746c14ed7f6f3f4702b3e0ee9bc2f597,2025-03-06,PHI,WPG,0,0.43316719528772085,2.25,1.704225352112676,-0.002627177811476885,-0.0011248498071092792,home,-1.0,-0.011277249156723568,False,2025-03
2024021001,0.5545,0.452,0.211,0.36,6.92,3.6795,3.241,2000,0.0,0.006,0.008,0.0695,0.054,0.1965,0.097,0.213,0.0945,0.1205,0.0395,0.0675,0.014,0.0125,0.004,0.0035,2f7820d49bd2753946048113ae4f9b0a,2025-03-07,VGK,PIT,1,0.683877766069547,1.4201680672268908,3.0,-0.0020465385459258537,-0.002337169836999396,away,-1.0,-0.017211099402880292,False,2025-03
2024021009,0.6305,0.529,0.2015,0.4195,6.28,3.591,2.684,2000,0.0,0.014,0.0115,0.114,0.0745,0.226,0.1035,0.198,0.08,0.086,0.021,0.045,0.0105,0.012,0.001,0.003,f0c0a19ce2ac60bd2b99ed42eab267e7,2025-03-08,NSH,CHI,1,0.6947459569145725,1.392156862745098,3.12,-0.0006358465441350533,-0.0008008094479947998,away,-1.0,-0.015258777427393011,False,2025-03
2024021027,0.6115,0.4965,0.2175,0.385,6.36,3.5245,2.837,2000,0.0,0.011,0.0135,0.1025,0.0655,0.2285,0.1045,0.2035,0.069,0.1045,0.038,0.039,0.0115,0.007,0.001,0.001,31e346dde67b789c521949be04daaae8,2025-03-11,PHI,OTT,0,0.47476701248461406,2.02,1.847457627118644,-0.012233191767754231,-0.0020452587465833497,home,-1.0,-0.020282492465880986,False,2025-03
2024021028,0.5075,0.4055,0.208,0.3075,6.75,3.385,3.3645,2000,0.0,0.008,0.0115,0.0825,0.0535,0.1865,0.117,0.2085,0.084,0.126,0.0465,0.047,0.011,0.0125,0.003,0.0025,d82cd215bc91fe923b6054cef532e21a,2025-03-11,PIT,VGK,1,0.36630974947487066,2.6399999999999997,1.5128205128205128,-0.0019030513704353324,-0.0015786169498495173,home,1.6399999999999997,-0.01247812931300818,False,2025-03
2024021043,0.531,0.416,0.229,0.315,6.27,3.224,3.0475,2000,0.0,0.014,0.0135,0.1105,0.0775,0.2185,0.104,0.1895,0.0765,0.111,0.028,0.043,0.0055,0.005,0.0025,0.001,d6baabeda9f34a8194b64baef4950cfb,2025-03-13,PHI,TBL,1,0.4155887507302011,2.35,1.625,-0.0029513144997365317,-0.001840170960091367,home,1.35,-0.009943164163415952,False,2025-03
2024021065,0.633,0.524,0.2175,0.4225,5.74,3.3095,2.4325,2000,0.0,0.0205,0.0195,0.1405,0.095,0.252,0.1035,0.1805,0.0605,0.0705,0.0285,0.019,0.007,0.0025,0.0,0.0005,9765c449deeb6c38ead61e0471c9f39c,2025-03-15,VAN,CHI,1,0.7155242481712273,1.3571428571428572,3.4,-0.0027977236775575008,-0.0006120265516752777,away,-1.0,-0.009641895230050823,False,2025-03
2024021073,0.565,0.438,0.2325,0.344,6.25,3.309,2.939,2000,0.0,0.015,0.0165,0.103,0.0615,0.2355,0.1035,0.208,0.077,0.104,0.0255,0.0335,0.007,0.009,0.001,0.0,e822e56bc33f6b00c83b220e38f0435a,2025-03-17,BOS,BUF,0,0.48605192232383504,1.9523809523809523,1.900900900900901,-0.0012301590688365573,-0.0013633091512688662,home,-1.0,-0.026143199627384484,False,2025-03
2024021082,0.5535,0.4425,0.221,0.3465,6.0,3.1855,2.812,2000,0.0,0.016,0.018,0.114,0.083,0.2535,0.097,0.202,0.0675,0.0825,0.03,0.0245,0.005,0.0045,0.0005,0.002,4cf6d88e4d0b97a30239a457095a8742,2025-03-18,NSH,STL,0,0.48729792147806006,1.9803921568627452,1.8695652173913042,-0.001130139474275581,-0.0018234689707903396,home,-1.0,-0.017652573571444896,False,2025-03
2024021147,0.559,0.4385,0.221,0.3375,6.02,3.182,2.8335,2000,0.0,0.014,0.0175,0.122,0.0835,0.231,0.104,0.2,0.064,0.1025,0.033,0.023,0.002,0.003,0.0005,0.0,e0bfe8735fba7e05492abfd6a948c4b1,2025-03-27,NSH,STL,0,0.4479937670432411,2.15,1.7407407407407407,-0.0009272179852367405,-0.0012434776795753424,home,-1.0,-0.017122512026526315,False,2025-03
2024021177,0.691,0.597,0.1915,0.4875,6.07,3.6745,2.3955,2000,0.0,0.018,0.019,0.1195,0.076,0.2325,0.106,0.1885,0.086,0.079,0.03,0.027,0.0085,0.006,0.0025,0.0015,976a93760d71acbcc6e14df427f3fa56,2025-03-30,LAK,SJS,1,0.7669135219661878,1.2666666666666666,4.05,-0.0017100323918843407,-6.664091177826144e-05,away,-1.0,-0.013827102213101378,False,2025-03
2024021180,0.57,0.4635,0.2185,0.364,6.19,3.3175,2.8735,2000,0.0,0.0155,0.0145,0.1195,0.0755,0.22,0.1015,0.1925,0.082,0.1005,0.0295,0.0325,0.005,0.0075,0.0015,0.0025,45679ef5395720df6afd7d68dbad22a2,2025-03-31,COL,CGY,0,0.7137404580152672,1.3636363636363638,3.3,-0.0015633558609993341,-0.002940639000384515,away,2.3,-0.016770761045570237,False,2025-03
2024021185,0.479,0.3695,0.207,0.28,6.53,3.183,3.3455,2000,0.0,0.0075,0.0145,0.0935,0.0605,0.211,0.113,0.1935,0.0845,0.122,0.038,0.0415,0.006,0.01,0.0015,0.003,a011520d6f318d0d7e9bbcf3ed4687ba,2025-04-01,CBJ,NSH,1,0.6442783070059086,1.510204081632653,2.7,-0.000601395668034209,-0.0011720795320633787,away,-1.0,-0.014648677376278951,False,2025-04
2024021195,0.389,0.2795,0.2205,0.198,5.97,2.6005,3.3665,2000,0.0,0.0195,0.017,0.121,0.0885,0.2315,0.1105,0.1945,0.066,0.091,0.0265,0.019,0.0075,0.0045,0.0,0.003,f33e406c3d998a310dae4df6d134f61a,2025-04-02,CHI,COL,0,0.22863877430760168,4.1,1.2531645569620253,-0.0006158159157427268,-0.0014396621705443941,home,-1.0,-0.015263664716788583,False,2025-04
2024021200,0.473,0.3655,0.2145,0.2735,6.21,3.0185,3.19,2000,0.0,0.015,0.016,0.1175,0.0625,0.226,0.111,0.2045,0.067,0.0975,0.031,0.033,0.007,0.0085,0.002,0.0015,ccef89249d1b2a0fc8a9e13e1e0fd2df,2025-04-03,STL,PIT,1,0.6829002792370674,1.425531914893617,2.96,-0.0013028237147784038,-0.002662265373374266,away,-1.0,-0.02073811707490525,False,2025-04
2024021205,0.3465,0.243,0.204,0.1735,6.87,2.893,3.973,2000,0.0,0.007,0.012,0.0695,0.058,0.209,0.0875,0.2045,0.089,0.1245,0.046,0.0545,0.013,0.017,0.0055,0.003,8bc8af41373e90bd1018ff89a3a69f32,2025-04-03,SJS,EDM,0,0.29051686808644644,3.29,1.3597122302158273,-0.0008665549967324642,-0.0013472206708486677,home,-1.0,-0.013434499694708557,False,2025-04
2024021244,0.5415,0.4195,0.2335,0.326,6.13,3.1885,2.939,2000,0.0,0.015,0.0135,0.121,0.0815,0.2185,0.107,0.202,0.079,0.0835,0.0305,0.035,0.0045,0.0075,0.0005,0.001,a97bcef523324dad5050d2ec4cbb4da4,2025-04-08,COL,VGK,1,0.5916792592354435,1.625,2.3899999999999997,-0.001294481443866648,-0.0023009856243873792,away,-1.0,-0.010089301076447732,False,2025-04
2024021247,0.6005,0.5045,0.214,0.395,6.19,3.456,2.736,2000,0.0,0.012,0.0145,0.1015,0.075,0.241,0.107,0.21,0.076,0.0915,0.025,0.0295,0.007,0.0065,0.001,0.0025,beb41a959a39fe66a8c65db951391c0d,2025-04-09,MIN,SJS,1,0.7568733153638814,1.289855072463768,3.75,-0.0026052938504374235,-0.004712145533303694,away,-1.0,-0.023539982030548023,False,2025-04
