outcome,class,feature_a,feature_b,features,n_flagged,z_score,hit_rate,baseline,direction,val_z,val_n,val_hit,oos_z,oos_n,oos_hit,oos_att
of,A,b2b_flag_home,away_ortg_H,b2b_flag_home × away_ortg_H,39,3.0543130617271395,0.7435897435897436,0.4990494296577947,OVER,0.8201107777891025,107.0,0.5327102803738317,,,,
of,A,b2b_flag_away,home_tov_rate_L,b2b_flag_away × home_tov_rate_L,53,2.074252720854253,0.6415094339622641,0.4990494296577947,OVER,,,,,,,
of,A,home_ortg_H,home_pace_trend_H,home_ortg_H × home_pace_trend_H,121,-2.070000284222127,0.4049586776859504,0.4990494296577947,UNDER,,,,,,,
of,A,home_ortg_L,away_ortg_x_home_drtg_H,home_ortg_L × away_ortg_x_home_drtg_H,110,2.1175608548461327,0.6,0.4990494296577947,OVER,0.12322799751547171,197.0,0.49746192893401014,,,,
of,A,home_ortg_L,home_ft_rate_H,home_ortg_L × home_ft_rate_H,108,2.9065138320579336,0.6388888888888888,0.4990494296577947,OVER,0.2817362012456494,21.0,0.5238095238095238,,,,
of,A,home_ortg_L,home_tov_rate_L,home_ortg_L × home_tov_rate_L,84,2.199607119609151,0.6190476190476191,0.4990494296577947,OVER,,,,,,,
of,A,home_drtg_L,away_tov_rate_L,home_drtg_L × away_tov_rate_L,91,2.0098805482293174,0.6043956043956044,0.4990494296577947,OVER,,,,,,,
of,A,away_drtg_H,away_3pa_rate_H,away_drtg_H × away_3pa_rate_H,135,2.518016410000451,0.6074074074074074,0.4990494296577947,OVER,,,,,,,
of,A,away_drtg_H,home_ft_rate_H,away_drtg_H × home_ft_rate_H,111,2.2030971315872874,0.6036036036036037,0.4990494296577947,OVER,,,,,,,
of,A,away_drtg_H,away_tov_rate_H,away_drtg_H × away_tov_rate_H,139,2.142890314869836,0.5899280575539568,0.4990494296577947,OVER,1.084620097460777,114.0,0.543859649122807,,,,
of,A,away_pace_H,home_ft_rate_H,away_pace_H × home_ft_rate_H,121,3.020918006839654,0.6363636363636364,0.4990494296577947,OVER,0.5256063935365978,49.0,0.5306122448979592,,,,
of,A,away_pace_H,away_ft_rate_L,away_pace_H × away_ft_rate_L,162,2.381224477690461,0.5925925925925926,0.4990494296577947,OVER,,,,,,,
of,A,away_pace_L,proj_total_naive_L,away_pace_L × proj_total_naive_L,133,-2.145853777787739,0.40601503759398494,0.4990494296577947,UNDER,,,,,,,
of,A,home_ortg_x_away_drtg_H,away_3pa_rate_H,home_ortg_x_away_drtg_H × away_3pa_rate_H,120,2.7594437270654533,0.625,0.4990494296577947,OVER,,,,,,,
of,A,home_pace_trend_H,proj_total_naive_H,home_pace_trend_H × proj_total_naive_H,114,-2.414828846262074,0.38596491228070173,0.4990494296577947,UNDER,,,,,,,
of,A,home_3pa_rate_H,games_l7_home_H,home_3pa_rate_H × games_l7_home_H,277,2.0144227622483997,0.5595667870036101,0.4990494296577947,OVER,0.8755870176676298,404.0,0.5148514851485149,,,,
of,A,away_3pa_rate_H,away_road_trip_length_L,away_3pa_rate_H × away_road_trip_length_L,140,2.0508685175513857,0.5857142857142857,0.4990494296577947,OVER,0.12322799751547171,197.0,0.49746192893401014,,,,
of,A,home_ft_rate_H,away_ft_rate_L,home_ft_rate_H × away_ft_rate_L,122,2.556004293527513,0.6147540983606558,0.4990494296577947,OVER,0.34143901384559167,92.0,0.5108695652173914,,,,
of,A,home_ft_rate_H,away_tov_rate_H,home_ft_rate_H × away_tov_rate_H,123,2.635931374274836,0.6178861788617886,0.4990494296577947,OVER,,,,,,,
of,A,home_ft_rate_H,proj_total_naive_L,home_ft_rate_H × proj_total_naive_L,126,2.159434089018364,0.5952380952380952,0.4990494296577947,OVER,0.28983579641732293,19.0,0.5263157894736842,,,,
of,A,away_ft_rate_L,away_road_trip_length_L,away_ft_rate_L × away_road_trip_length_L,146,3.1678796718767908,0.6301369863013698,0.4990494296577947,OVER,,,,,,,
of,A,away_dreb_rate_H,away_road_trip_length_H,away_dreb_rate_H × away_road_trip_length_H,186,-2.4670773117045606,0.40860215053763443,0.4990494296577947,UNDER,-0.9138161858245382,229.0,0.462882096069869,,,,
hw,A,b2b_flag_home,away_ortg_trend_H,b2b_flag_home × away_ortg_trend_H,58,-2.572568496832335,0.41379310344827586,0.5804878048780487,UNDER,-3.5608425601790548,65.0,0.3230769230769231,,,,
hw,A,b2b_flag_away,home_pace_L,b2b_flag_away × home_pace_L,79,2.540152833424601,0.7215189873417721,0.5804878048780487,OVER,,,,,,,
hw,A,b2b_flag_away,away_drtg_H,b2b_flag_away × away_drtg_H,80,2.845833802467799,0.7375,0.5804878048780487,OVER,2.44488907554406,86.0,0.6744186046511628,3.723629264323174,60.0,0.7833333333333333,-30.844930617317985
hw,A,b2b_flag_away,home_dreb_rate_H,b2b_flag_away × home_dreb_rate_H,71,3.315280482092629,0.7746478873239436,0.5804878048780487,OVER,,,,,,,
hw,A,b2b_flag_away,games_l7_away_L,b2b_flag_away × games_l7_away_L,119,2.586174241366498,0.6974789915966386,0.5804878048780487,OVER,1.6122522554339191,108.0,0.6203703703703703,,,,
hw,A,b2b_flag_away,away_road_trip_length_L,b2b_flag_away × away_road_trip_length_L,82,2.9986724311640804,0.7439024390243902,0.5804878048780487,OVER,1.3765975501641912,67.0,0.6268656716417911,,,,
hw,A,b2b_flag_away,away_travel_miles_est_H,b2b_flag_away × away_travel_miles_est_H,27,2.857362523131638,0.8518518518518519,0.5804878048780487,OVER,1.2420429640511477,44.0,0.6363636363636364,,,,
hw,A,home_ortg_H,away_drtg_H,home_ortg_H × away_drtg_H,168,2.7325584538614884,0.6845238095238095,0.5804878048780487,OVER,5.093695862578231,223.0,0.7130044843049327,5.784562810995348,107.0,0.822429906542056,-111.69035937075562
hw,A,home_ortg_H,away_ortg_trend_L,home_ortg_H × away_ortg_trend_L,142,3.1580281602196614,0.7112676056338029,0.5804878048780487,OVER,1.9539060609902266,208.0,0.6105769230769231,2.4878546845097613,142.0,0.647887323943662,21.22126345014242
hw,A,home_ortg_H,home_pace_trend_H,home_ortg_H × home_pace_trend_H,150,2.469750548959629,0.68,0.5804878048780487,OVER,3.6893032473801983,199.0,0.6733668341708543,2.429710254332581,151.0,0.6423841059602649,1.6212282914124738
hw,A,home_ortg_H,away_tov_rate_H,home_ortg_H × away_tov_rate_H,120,3.7629004214549995,0.75,0.5804878048780487,OVER,3.8964825328597366,88.0,0.75,5.242067924533568,143.0,0.7622377622377622,-39.309238550262236
hw,A,home_ortg_H,home_dreb_rate_H,home_ortg_H × home_dreb_rate_H,148,2.679767324547236,0.6891891891891891,0.5804878048780487,OVER,1.0042258520005496,133.0,0.5864661654135338,2.20933112786546,63.0,0.6825396825396826,17.555113549317543
hw,A,home_ortg_L,away_3pa_rate_H,home_ortg_L × away_3pa_rate_H,137,-3.900056859225289,0.41605839416058393,0.5804878048780487,UNDER,-2.7469256807710583,130.0,0.4230769230769231,-2.5799572895086826,312.0,0.47115384615384615,33.84821343294036
hw,A,home_ortg_L,games_l7_home_H,home_ortg_L × games_l7_home_H,330,-3.9668689386645535,0.4727272727272727,0.5804878048780487,UNDER,-4.275668601189103,254.0,0.4094488188976378,-4.711920251579502,376.0,0.4228723404255319,-18.781848466255866
hw,A,home_ortg_L,days_rest_away_H,home_ortg_L × days_rest_away_H,321,-4.2229237070687695,0.46417445482866043,0.5804878048780487,UNDER,-4.13524127880663,237.0,0.4092827004219409,-4.5643279507449686,371.0,0.42587601078167114,-8.084546805918398
hw,A,home_ortg_L,away_rest_days_H,home_ortg_L × away_rest_days_H,320,-4.163758777008708,0.465625,0.5804878048780487,UNDER,-4.210316795225567,234.0,0.405982905982906,-4.412117945007994,368.0,0.42934782608695654,-5.964782815245371
hw,A,home_ortg_L,home_games_last_5_H,home_ortg_L × home_games_last_5_H,351,-3.866949114038023,0.47863247863247865,0.5804878048780487,UNDER,-4.533578840384005,271.0,0.4059040590405904,-4.426590402301888,397.0,0.4332493702770781,-14.472424429693751
hw,A,home_ortg_L,away_hours_since_prev_H,home_ortg_L × away_hours_since_prev_H,320,-4.163758777008708,0.465625,0.5804878048780487,UNDER,-4.210316795225567,234.0,0.405982905982906,-4.412117945007994,368.0,0.42934782608695654,-5.964782815245371
hw,A,home_drtg_H,away_ortg_x_home_drtg_H,home_drtg_H × away_ortg_x_home_drtg_H,277,-4.114767378782254,0.4584837545126354,0.5804878048780487,UNDER,-5.915094976259517,507.0,0.41222879684418146,-5.049223433511426,364.0,0.41208791208791207,-22.7098148864425
hw,A,home_drtg_H,away_ortg_trend_H,home_drtg_H × away_ortg_trend_H,122,-4.003098500524044,0.4016393442622951,0.5804878048780487,UNDER,-3.7830917201451477,179.0,0.4022346368715084,-3.277682250579252,180.0,0.4222222222222222,18.12136898079895
hw,A,home_drtg_H,away_tov_rate_L,home_drtg_H × away_tov_rate_L,154,-3.9835822429602197,0.42207792207792205,0.5804878048780487,UNDER,-4.738015571136928,323.0,0.4117647058823529,-5.83552294036814,171.0,0.3216374269005848,-46.48933006669228
hw,A,home_drtg_H,days_rest_home_L,home_drtg_H × days_rest_home_L,306,-4.011564289492512,0.4673202614379085,0.5804878048780487,UNDER,-4.270900646348224,494.0,0.4473684210526316,-2.8910978874497593,428.0,0.4742990654205608,27.930909769477942
hw,A,home_drtg_H,games_l7_home_H,home_drtg_H × games_l7_home_H,324,-3.8364838105892662,0.47530864197530864,0.5804878048780487,UNDER,-3.95427778686752,499.0,0.45490981963927857,-2.8081407375287335,442.0,0.47737556561085975,26.804311547520488
hw,A,home_drtg_H,home_rest_days_L,home_drtg_H × home_rest_days_L,305,-3.950779545648639,0.46885245901639344,0.5804878048780487,UNDER,-4.363354833418947,490.0,0.4448979591836735,-2.8910978874497593,428.0,0.4742990654205608,26.822090323060564
hw,A,home_drtg_H,home_games_last_5_H,home_drtg_H × home_games_last_5_H,338,-3.990615577976885,0.47337278106508873,0.5804878048780487,UNDER,-4.213533340954779,537.0,0.45251396648044695,-3.0661840416284063,467.0,0.4732334047109208,23.165136262439393
hw,A,home_drtg_H,home_hours_since_prev_L,home_drtg_H × home_hours_since_prev_L,305,-3.950779545648639,0.46885245901639344,0.5804878048780487,UNDER,-4.363354833418947,490.0,0.4448979591836735,-2.8910978874497593,428.0,0.4742990654205608,26.822090323060564
hw,A,home_drtg_L,away_ortg_x_home_drtg_L,home_drtg_L × away_ortg_x_home_drtg_L,294,3.939840161435597,0.6938775510204082,0.5804878048780487,OVER,5.02915767232797,113.0,0.7787610619469026,4.7794225769901395,185.0,0.7189189189189189,-21.310062874444526
hw,A,home_drtg_L,games_l7_away_H,home_drtg_L × games_l7_away_H,349,3.949446279744677,0.6848137535816619,0.5804878048780487,OVER,3.487593303157415,203.0,0.6650246305418719,4.0617074320346465,255.0,0.6705882352941176,-2.8424529500683997
hw,A,home_drtg_L,away_games_last_5_H,home_drtg_L × away_games_last_5_H,376,4.0481683700733315,0.6835106382978723,0.5804878048780487,OVER,3.4549844224715116,215.0,0.6604651162790698,4.383732052368341,277.0,0.6750902527075813,-8.289271878504668
hw,A,home_pace_H,home_ortg_x_away_drtg_L,home_pace_H × home_ortg_x_away_drtg_L,169,-2.51003319889882,0.48520710059171596,0.5804878048780487,UNDER,-2.736191524155019,73.0,0.3835616438356164,-3.9329775701289718,127.0,0.3700787401574803,-56.690260983576366
hw,A,home_pace_L,away_ortg_L,home_pace_L × away_ortg_L,143,3.218056602632834,0.7132867132867133,0.5804878048780487,OVER,4.419633168233461,118.0,0.7457627118644068,,,,
hw,A,home_pace_L,away_ortg_x_home_drtg_L,home_pace_L × away_ortg_x_home_drtg_L,153,4.1260425592982415,0.7450980392156863,0.5804878048780487,OVER,4.3739504585671565,106.0,0.7547169811320755,,,,
hw,A,home_pace_L,away_tov_rate_H,home_pace_L × away_tov_rate_H,145,3.3369818344888453,0.7172413793103448,0.5804878048780487,OVER,2.7513114442389623,123.0,0.6666666666666666,1.282213567857464,218.0,0.5871559633027523,61.57565034950596
hw,A,home_pace_L,proj_total_naive_L,home_pace_L × proj_total_naive_L,191,2.9511401432620246,0.6858638743455497,0.5804878048780487,OVER,0.4292134872670127,217.0,0.5576036866359447,,,,
hw,A,away_ortg_H,away_ft_rate_H,away_ortg_H × away_ft_rate_H,132,-2.579419368629162,0.4696969696969697,0.5804878048780487,UNDER,-1.6010758614522007,129.0,0.4728682170542636,,,,
hw,A,away_ortg_H,days_rest_home_L,away_ortg_H × days_rest_home_L,297,-2.046557328723339,0.5218855218855218,0.5804878048780487,UNDER,-3.431749393268493,533.0,0.46904315196998125,-4.339034753002766,438.0,0.4406392694063927,-112.0162817872048
hw,A,away_ortg_L,away_drtg_H,away_ortg_L × away_drtg_H,122,3.885860426844489,0.7540983606557377,0.5804878048780487,OVER,4.610152624418694,135.0,0.7407407407407407,4.2034088848075335,115.0,0.7391304347826086,-8.171895618518377
hw,A,away_ortg_L,home_ortg_x_away_drtg_H,away_ortg_L × home_ortg_x_away_drtg_H,125,3.523308024181491,0.736,0.5804878048780487,OVER,6.673764906868662,138.0,0.8260869565217391,5.396368891278827,107.0,0.8037383177570093,-53.16199589255246
hw,A,away_ortg_L,away_pace_trend_L,away_ortg_L × away_pace_trend_L,135,2.3778925249588587,0.6814814814814815,0.5804878048780487,OVER,2.857533918877049,91.0,0.6923076923076923,1.999757337762684,118.0,0.635593220338983,15.902114297731643
hw,A,away_drtg_H,away_pace_H,away_drtg_H × away_pace_H,162,2.700377477471382,0.6851851851851852,0.5804878048780487,OVER,2.526461187713464,184.0,0.6358695652173914,2.664491626699459,81.0,0.691358024691358,1.328919792559016
hw,A,away_drtg_H,home_ortg_x_away_drtg_H,away_drtg_H × home_ortg_x_away_drtg_H,283,3.5802656685246803,0.6855123674911661,0.5804878048780487,OVER,5.590443643817753,340.0,0.6941176470588235,6.747968849299832,192.0,0.7864583333333334,-88.47676329227454
hw,A,away_drtg_H,away_ft_rate_L,away_drtg_H × away_ft_rate_L,122,2.2346829769301455,0.680327868852459,0.5804878048780487,OVER,3.6638091668407666,326.0,0.6441717791411042,4.44660648556194,237.0,0.6877637130801688,-98.98153480680214
hw,A,away_drtg_H,away_road_trip_length_H,away_drtg_H × away_road_trip_length_H,236,2.243100204554582,0.652542372881356,0.5804878048780487,OVER,2.7216314223125617,277.0,0.6245487364620939,3.5557152450950182,174.0,0.6781609195402298,-58.517895806669316
hw,A,away_drtg_L,away_3pa_rate_H,away_drtg_L × away_3pa_rate_H,116,-2.3211175132132698,0.47413793103448276,0.5804878048780487,UNDER,-1.3996241261628115,117.0,0.47863247863247865,-3.5359054522094517,329.0,0.44680851063829785,-52.336339374497
hw,A,away_pace_H,away_ortg_trend_L,away_pace_H × away_ortg_trend_L,126,2.1408043569736406,0.6746031746031746,0.5804878048780487,OVER,1.1186356536122986,116.0,0.5948275862068966,,,,
hw,A,away_pace_L,home_ortg_x_away_drtg_L,away_pace_L × home_ortg_x_away_drtg_L,140,-2.4436508075791363,0.4785714285714286,0.5804878048780487,UNDER,-3.979392075322324,130.0,0.36923076923076925,-3.2499382810391375,192.0,0.4270833333333333,-32.995200089933064
hw,A,away_pace_L,away_ortg_trend_H,away_pace_L × away_ortg_trend_H,145,-2.0481598221524386,0.496551724137931,0.5804878048780487,UNDER,-3.5855143636579045,153.0,0.39869281045751637,-1.2616837390863764,156.0,0.4935897435897436,38.399155893974324
hw,A,away_pace_L,away_3pa_rate_L,away_pace_L × away_3pa_rate_L,80,-2.365081296031489,0.45,0.5804878048780487,UNDER,-1.8845286654855888,86.0,0.4418604651162791,-1.9841409961506067,28.0,0.35714285714285715,16.10685858960049
hw,A,away_pace_L,proj_total_naive_L,away_pace_L × proj_total_naive_L,150,-2.163049500396012,0.49333333333333335,0.5804878048780487,UNDER,-1.2262618726778165,177.0,0.4971751412429379,-1.550796175842765,262.0,0.4961832061068702,28.305100019262408
hw,A,away_pace_L,days_rest_away_H,away_pace_L × days_rest_away_H,321,-2.3001527220760005,0.5171339563862928,0.5804878048780487,UNDER,-3.3343077914912462,386.0,0.4585492227979275,,,,
hw,A,away_pace_L,away_rest_days_H,away_pace_L × away_rest_days_H,321,-2.3001527220760005,0.5171339563862928,0.5804878048780487,UNDER,-3.2825344586331595,381.0,0.45931758530183725,,,,
hw,A,away_pace_L,away_games_last_4_H,away_pace_L × away_games_last_4_H,318,-2.2267197719778014,0.5188679245283019,0.5804878048780487,UNDER,-1.3090229569367755,335.0,0.5074626865671642,,,,
hw,A,away_pace_L,away_hours_since_prev_H,away_pace_L × away_hours_since_prev_H,321,-2.3001527220760005,0.5171339563862928,0.5804878048780487,UNDER,-3.2825344586331595,381.0,0.45931758530183725,,,,
hw,A,away_pace_L,away_travel_miles_est_H,away_pace_L × away_travel_miles_est_H,128,-2.2035220011376673,0.484375,0.5804878048780487,UNDER,-1.7716761862302983,188.0,0.4787234042553192,,,,
hw,A,home_ortg_x_away_drtg_H,away_ortg_x_home_drtg_L,home_ortg_x_away_drtg_H × away_ortg_x_home_drtg_L,104,3.503069649733128,0.75,0.5804878048780487,OVER,5.7484723883461575,103.0,0.8252427184466019,5.722840682764052,106.0,0.8207547169811321,-63.36645442376606
hw,A,home_ortg_x_away_drtg_H,away_ortg_trend_L,home_ortg_x_away_drtg_H × away_ortg_trend_L,161,3.599981957685641,0.7204968944099379,0.5804878048780487,OVER,3.7634136432463197,208.0,0.6730769230769231,4.681536987595146,128.0,0.75,-30.04334584512238
hw,A,home_ortg_x_away_drtg_H,away_tov_rate_H,home_ortg_x_away_drtg_H × away_tov_rate_H,144,4.966395840404243,0.7847222222222222,0.5804878048780487,OVER,5.088852041537251,105.0,0.7904761904761904,6.936516069582399,156.0,0.8205128205128205,-39.669013354718736
hw,A,home_ortg_x_away_drtg_H,proj_total_naive_L,home_ortg_x_away_drtg_H × proj_total_naive_L,36,3.7497153533786887,0.8888888888888888,0.5804878048780487,OVER,2.7256511022545253,71.0,0.704225352112676,3.310346550304169,64.0,0.75,11.7173908328435
hw,A,home_ortg_x_away_drtg_L,home_ortg_trend_H,home_ortg_x_away_drtg_L × home_ortg_trend_H,110,-2.290272849577945,0.4727272727272727,0.5804878048780487,UNDER,-3.4669870417427653,80.0,0.35,-2.082093430578219,182.0,0.46703296703296704,9.089721298407303
hw,A,home_ortg_x_away_drtg_L,away_3pa_rate_H,home_ortg_x_away_drtg_L × away_3pa_rate_H,132,-2.4030414598336387,0.4772727272727273,0.5804878048780487,UNDER,-3.0502243767448864,121.0,0.4049586776859504,-4.119339614483518,309.0,0.42718446601941745,-71.4219119119442
hw,A,home_ortg_x_away_drtg_L,home_tov_rate_H,home_ortg_x_away_drtg_L × home_tov_rate_H,174,-2.305095912785302,0.4942528735632184,0.5804878048780487,UNDER,-4.848993813487012,102.0,0.30392156862745096,-5.367581270021127,268.0,0.3805970149253731,-132.85717701591648
hw,A,home_ortg_x_away_drtg_L,days_rest_home_L,home_ortg_x_away_drtg_L × days_rest_home_L,326,-2.2714957494588615,0.5184049079754601,0.5804878048780487,UNDER,-4.332266304486091,219.0,0.3972602739726027,-5.455795460109784,351.0,0.39886039886039887,-140.18514942893987
hw,A,home_ortg_x_away_drtg_L,games_l7_home_H,home_ortg_x_away_drtg_L × games_l7_home_H,339,-2.2876468323824617,0.5191740412979351,0.5804878048780487,UNDER,-4.505225750642023,226.0,0.3938053097345133,-6.067672625533069,359.0,0.38440111420612816,-165.23642284477594
hw,A,home_ortg_x_away_drtg_L,days_rest_away_H,home_ortg_x_away_drtg_L × days_rest_away_H,329,-2.3439523961962188,0.5167173252279635,0.5804878048780487,UNDER,-4.421633210612565,214.0,0.3925233644859813,-5.723572956948245,367.0,0.39509536784741145,-144.18469275385016
hw,A,home_ortg_x_away_drtg_L,home_rest_days_L,home_ortg_x_away_drtg_L × home_rest_days_L,325,-2.209737364982658,0.52,0.5804878048780487,UNDER,-4.332266304486091,219.0,0.3972602739726027,-5.455795460109784,351.0,0.39886039886039887,-146.8979140492835
hw,A,home_ortg_x_away_drtg_L,away_rest_days_H,home_ortg_x_away_drtg_L × away_rest_days_H,327,-2.2210085973839107,0.5198776758409785,0.5804878048780487,UNDER,-4.430559230173087,212.0,0.3915094339622642,-5.581512907173614,362.0,0.39779005524861877,-151.30532649661893
hw,A,home_ortg_x_away_drtg_L,home_games_last_4_H,home_ortg_x_away_drtg_L × home_games_last_4_H,270,-2.3100779565766896,0.5111111111111111,0.5804878048780487,UNDER,-4.2314994400983705,194.0,0.3917525773195876,-5.632926187419672,316.0,0.3860759493670886,-143.8413894813801
hw,A,home_ortg_x_away_drtg_L,home_hours_since_prev_L,home_ortg_x_away_drtg_L × home_hours_since_prev_L,325,-2.209737364982658,0.52,0.5804878048780487,UNDER,-4.332266304486091,219.0,0.3972602739726027,-5.455795460109784,351.0,0.39886039886039887,-146.8979140492835
hw,A,home_ortg_x_away_drtg_L,away_hours_since_prev_H,home_ortg_x_away_drtg_L × away_hours_since_prev_H,327,-2.2210085973839107,0.5198776758409785,0.5804878048780487,UNDER,-4.430559230173087,212.0,0.3915094339622642,-5.581512907173614,362.0,0.39779005524861877,-151.30532649661893
hw,A,away_ortg_x_home_drtg_H,away_tov_rate_L,away_ortg_x_home_drtg_H × away_tov_rate_L,207,-4.388913569650428,0.42995169082125606,0.5804878048780487,UNDER,-4.218439970025028,424.0,0.4410377358490566,-6.1177697742879475,228.0,0.34210526315789475,-39.39143884246555
hw,A,away_ortg_x_home_drtg_H,days_rest_home_L,away_ortg_x_home_drtg_H × days_rest_home_L,299,-4.753967191152548,0.44481605351170567,0.5804878048780487,UNDER,-4.294824003516741,561.0,0.45276292335115864,-5.270685924897997,427.0,0.4168618266978923,-10.869211186545346
hw,A,away_ortg_x_home_drtg_H,home_rest_days_L,away_ortg_x_home_drtg_H × home_rest_days_L,298,-4.693794770081098,0.4463087248322148,0.5804878048780487,UNDER,-4.337859614243445,558.0,0.45161290322580644,-5.270685924897997,427.0,0.4168618266978923,-12.290506574639421
hw,A,away_ortg_x_home_drtg_H,away_rest_days_H,away_ortg_x_home_drtg_H × away_rest_days_H,315,-4.321989804402076,0.4603174603174603,0.5804878048780487,UNDER,-4.796156658244185,573.0,0.4432809773123909,-5.100961930251342,413.0,0.4188861985472155,-18.02346051478093
hw,A,away_ortg_x_home_drtg_H,home_games_last_5_H,away_ortg_x_home_drtg_H × home_games_last_5_H,336,-4.095229526360804,0.47023809523809523,0.5804878048780487,UNDER,-4.818649675460852,610.0,0.4459016393442623,-4.845141036325567,455.0,0.4307692307692308,-18.311831000866203
hw,A,away_ortg_x_home_drtg_H,home_hours_since_prev_L,away_ortg_x_home_drtg_H × home_hours_since_prev_L,298,-4.693794770081098,0.4463087248322148,0.5804878048780487,UNDER,-4.337859614243445,558.0,0.45161290322580644,-5.270685924897997,427.0,0.4168618266978923,-12.290506574639421
hw,A,away_ortg_x_home_drtg_H,away_hours_since_prev_H,away_ortg_x_home_drtg_H × away_hours_since_prev_H,315,-4.321989804402076,0.4603174603174603,0.5804878048780487,UNDER,-4.796156658244185,573.0,0.4432809773123909,-5.100961930251342,413.0,0.4188861985472155,-18.02346051478093
hw,A,away_ortg_x_home_drtg_L,days_rest_home_L,away_ortg_x_home_drtg_L × days_rest_home_L,311,3.5010561743400186,0.6784565916398714,0.5804878048780487,OVER,4.888137869930633,148.0,0.7432432432432432,3.865894618797591,246.0,0.6666666666666666,-10.420810929328997
hw,A,away_ortg_x_home_drtg_L,games_l7_away_H,away_ortg_x_home_drtg_L × games_l7_away_H,348,3.3664062701802684,0.6695402298850575,0.5804878048780487,OVER,5.05016917187152,162.0,0.7407407407407407,3.8083567790655337,260.0,0.6615384615384615,-13.128258249756621
hw,A,away_ortg_x_home_drtg_L,home_rest_days_L,away_ortg_x_home_drtg_L × home_rest_days_L,310,3.5735087904330745,0.6806451612903226,0.5804878048780487,OVER,4.888137869930633,148.0,0.7432432432432432,3.865894618797591,246.0,0.6666666666666666,-8.182037473848837
hw,A,away_ortg_x_home_drtg_L,away_games_last_5_H,away_ortg_x_home_drtg_L × away_games_last_5_H,372,3.3682427100513532,0.6666666666666666,0.5804878048780487,OVER,5.001592798121545,175.0,0.7314285714285714,3.949094025710738,278.0,0.6618705035971223,-17.244936474620292
hw,A,away_ortg_x_home_drtg_L,home_hours_since_prev_L,away_ortg_x_home_drtg_L × home_hours_since_prev_L,310,3.5735087904330745,0.6806451612903226,0.5804878048780487,OVER,4.888137869930633,148.0,0.7432432432432432,3.865894618797591,246.0,0.6666666666666666,-8.182037473848837
hw,A,home_ortg_trend_H,away_dreb_rate_H,home_ortg_trend_H × away_dreb_rate_H,141,-2.022065652438103,0.49645390070921985,0.5804878048780487,UNDER,-1.6771958025170575,116.0,0.46551724137931033,,,,
hw,A,away_ortg_trend_H,away_3pa_rate_H,away_ortg_trend_H × away_3pa_rate_H,137,-2.1687626709594063,0.48905109489051096,0.5804878048780487,UNDER,,,,,,,
hw,A,away_ortg_trend_L,home_dreb_rate_H,away_ortg_trend_L × home_dreb_rate_H,125,2.7983111409120243,0.704,0.5804878048780487,OVER,,,,,,,
hw,A,away_ortg_trend_L,away_dreb_rate_L,away_ortg_trend_L × away_dreb_rate_L,132,3.06467371282758,0.7121212121212122,0.5804878048780487,OVER,0.651328716247754,169.0,0.5680473372781065,,,,
hw,A,away_ortg_trend_L,proj_total_naive_H,away_ortg_trend_L × proj_total_naive_H,128,2.632518552509039,0.6953125,0.5804878048780487,OVER,,,,,,,
hw,A,away_pace_trend_L,away_dreb_rate_L,away_pace_trend_L × away_dreb_rate_L,144,2.6022299651413183,0.6875,0.5804878048780487,OVER,0.180056610027933,138.0,0.5507246376811594,2.393014281132446,216.0,0.625,8.03986145772902
hw,A,away_pace_trend_L,home_games_last_4_L,away_pace_trend_L × home_games_last_4_L,151,2.0360149621443204,0.6622516556291391,0.5804878048780487,OVER,0.5421501736184252,145.0,0.5655172413793104,,,,
hw,A,home_3pa_rate_H,home_ft_rate_L,home_3pa_rate_H × home_ft_rate_L,135,2.726706813056581,0.6962962962962963,0.5804878048780487,OVER,0.12741863595550565,344.0,0.5465116279069767,,,,
hw,A,home_3pa_rate_L,away_ft_rate_H,home_3pa_rate_L × away_ft_rate_H,137,-2.1687626709594063,0.48905109489051096,0.5804878048780487,UNDER,-0.8644869114876171,40.0,0.475,,,,
hw,A,home_3pa_rate_L,home_tov_rate_H,home_3pa_rate_L × home_tov_rate_H,118,-3.0775838429108586,0.4406779661016949,0.5804878048780487,UNDER,-1.5889106053761075,55.0,0.43636363636363634,,,,
hw,A,home_3pa_rate_L,away_tov_rate_L,home_3pa_rate_L × away_tov_rate_L,133,-2.4959900160599036,0.47368421052631576,0.5804878048780487,UNDER,-1.1371787999114027,122.0,0.4918032786885246,,,,
hw,A,home_3pa_rate_L,away_rest_days_H,home_3pa_rate_L × away_rest_days_H,301,-2.0705178020195247,0.521594684385382,0.5804878048780487,UNDER,,,,,,,
hw,A,home_3pa_rate_L,away_road_trip_length_H,home_3pa_rate_L × away_road_trip_length_H,216,-2.3971108269314017,0.5,0.5804878048780487,UNDER,-0.202676491380837,157.0,0.535031847133758,,,,
hw,A,home_3pa_rate_L,away_hours_since_prev_H,home_3pa_rate_L × away_hours_since_prev_H,301,-2.0705178020195247,0.521594684385382,0.5804878048780487,UNDER,,,,,,,
hw,A,away_3pa_rate_H,away_tov_rate_L,away_3pa_rate_H × away_tov_rate_L,152,-3.49015059755988,0.4407894736842105,0.5804878048780487,UNDER,-2.507039274784815,242.0,0.4628099173553719,-4.3864362318095065,268.0,0.41044776119402987,-25.68042865761322
hw,A,away_3pa_rate_H,away_dreb_rate_H,away_3pa_rate_H × away_dreb_rate_H,151,-3.0761442968154364,0.45695364238410596,0.5804878048780487,UNDER,-1.0734451076665188,154.0,0.5,,,,
hw,A,away_3pa_rate_H,days_rest_away_L,away_3pa_rate_H × days_rest_away_L,339,-2.0675259214984427,0.5250737463126843,0.5804878048780487,UNDER,-0.37116167253931137,386.0,0.533678756476684,,,,
hw,A,away_3pa_rate_H,away_rest_days_L,away_3pa_rate_H × away_rest_days_L,339,-2.0675259214984427,0.5250737463126843,0.5804878048780487,UNDER,-0.5056999441085465,381.0,0.5301837270341208,,,,
hw,A,away_3pa_rate_H,away_hours_since_prev_L,away_3pa_rate_H × away_hours_since_prev_L,339,-2.0675259214984427,0.5250737463126843,0.5804878048780487,UNDER,-0.5056999441085465,381.0,0.5301837270341208,,,,
hw,A,home_ft_rate_H,away_tov_rate_L,home_ft_rate_H × away_tov_rate_L,144,-2.801577749745368,0.4652777777777778,0.5804878048780487,UNDER,-0.027984482242915113,96.0,0.5416666666666666,-1.0306141387048502,33.0,0.45454545454545453,63.213080957738136
hw,A,home_ft_rate_H,days_rest_home_L,home_ft_rate_H × days_rest_home_L,306,-2.9689757398216163,0.49673202614379086,0.5804878048780487,UNDER,,,,,,,
hw,A,home_ft_rate_H,home_rest_days_L,home_ft_rate_H × home_rest_days_L,305,-2.9064832330810533,0.49836065573770494,0.5804878048780487,UNDER,,,,,,,
hw,A,home_ft_rate_H,home_games_last_4_H,home_ft_rate_H × home_games_last_4_H,262,-2.640048367741407,0.5,0.5804878048780487,UNDER,,,,,,,
hw,A,home_ft_rate_H,home_hours_since_prev_L,home_ft_rate_H × home_hours_since_prev_L,305,-2.9064832330810533,0.49836065573770494,0.5804878048780487,UNDER,,,,,,,
hw,A,home_ft_rate_H,away_travel_miles_est_H,home_ft_rate_H × away_travel_miles_est_H,122,-2.718849372812887,0.45901639344262296,0.5804878048780487,UNDER,,,,,,,
hw,A,away_ft_rate_H,days_rest_away_H,away_ft_rate_H × days_rest_away_H,313,-2.7137711949662995,0.5047923322683706,0.5804878048780487,UNDER,-1.5741386541208313,162.0,0.48148148148148145,,,,
hw,A,away_ft_rate_H,away_rest_days_H,away_ft_rate_H × away_rest_days_H,313,-2.7137711949662995,0.5047923322683706,0.5804878048780487,UNDER,-1.8071436768392728,159.0,0.4716981132075472,,,,
hw,A,away_ft_rate_H,away_games_last_5_L,away_ft_rate_H × away_games_last_5_L,266,-3.032869868308347,0.48872180451127817,0.5804878048780487,UNDER,-0.9504611168826657,143.0,0.5034965034965035,-0.9845540065134768,72.0,0.4861111111111111,67.53721559894574
hw,A,away_ft_rate_H,away_road_trip_length_L,away_ft_rate_H × away_road_trip_length_L,168,-2.1140530377069604,0.5,0.5804878048780487,UNDER,-1.5592776255676601,83.0,0.4578313253012048,-0.8690650581024736,38.0,0.47368421052631576,58.89104754698501
hw,A,away_ft_rate_H,away_hours_since_prev_H,away_ft_rate_H × away_hours_since_prev_H,313,-2.7137711949662995,0.5047923322683706,0.5804878048780487,UNDER,-1.8071436768392728,159.0,0.4716981132075472,,,,
hw,A,away_ft_rate_H,away_travel_miles_est_H,away_ft_rate_H × away_travel_miles_est_H,143,-2.7129878679272923,0.46853146853146854,0.5804878048780487,UNDER,-0.11823349406781195,82.0,0.5365853658536586,,,,
hw,A,home_tov_rate_H,away_dreb_rate_H,home_tov_rate_H × away_dreb_rate_H,130,-2.570575211380604,0.46923076923076923,0.5804878048780487,UNDER,-1.5664180698276187,67.0,0.44776119402985076,-2.7940106817934156,99.0,0.40404040404040403,-8.692041743171131
hw,A,away_tov_rate_H,proj_total_naive_H,away_tov_rate_H × proj_total_naive_H,116,3.5115047866959186,0.7413793103448276,0.5804878048780487,OVER,0.8943843050402841,81.0,0.5925925925925926,2.90691590317021,128.0,0.671875,17.21737318474752
hw,A,away_tov_rate_H,games_l7_away_H,away_tov_rate_H × games_l7_away_H,343,3.2707623528156033,0.6676384839650146,0.5804878048780487,OVER,2.049495141539359,212.0,0.6132075471698113,3.5162546198984157,399.0,0.631578947368421,-7.505658944358423
hw,A,away_tov_rate_H,away_games_last_5_H,away_tov_rate_H × away_games_last_5_H,367,3.169232301227851,0.662125340599455,0.5804878048780487,OVER,2.3390816093305467,229.0,0.6200873362445415,3.3932241158766123,425.0,0.6258823529411764,-7.067699472896964
hw,A,away_tov_rate_L,home_dreb_rate_L,away_tov_rate_L × home_dreb_rate_L,133,-2.6717035989212636,0.46616541353383456,0.5804878048780487,UNDER,-2.5697549263756496,233.0,0.4592274678111588,-4.224973554876031,185.0,0.3891891891891892,-58.13780976983827
hw,A,away_tov_rate_L,games_l7_home_H,away_tov_rate_L × games_l7_home_H,347,-2.548737700023038,0.5129682997118156,0.5804878048780487,UNDER,-2.0165994251342756,496.0,0.49798387096774194,-4.773018338825882,321.0,0.411214953271028,-87.26989202469673
hw,A,away_tov_rate_L,days_rest_away_H,away_tov_rate_L × days_rest_away_H,328,-2.953916126221331,0.5,0.5804878048780487,UNDER,-2.696144985236785,499.0,0.48296593186372744,-5.065574162648864,299.0,0.3979933110367893,-71.48672969021567
hw,A,away_tov_rate_L,away_rest_days_H,away_tov_rate_L × away_rest_days_H,328,-2.842025363864462,0.5030487804878049,0.5804878048780487,UNDER,-2.5469790766726663,488.0,0.48565573770491804,-5.134158740380922,296.0,0.3952702702702703,-80.65140465177683
hw,A,away_tov_rate_L,home_games_last_4_H,away_tov_rate_L × home_games_last_4_H,269,-2.8604139511206275,0.4944237918215613,0.5804878048780487,UNDER,-1.9864866805680708,403.0,0.49379652605459057,-3.929480562013074,283.0,0.4275618374558304,-37.37454190760108
hw,A,away_tov_rate_L,away_road_trip_length_H,away_tov_rate_L × away_road_trip_length_H,240,-2.3959713142809953,0.5041666666666667,0.5804878048780487,UNDER,-1.6875053156012254,357.0,0.49859943977591037,-2.872999118553768,207.0,0.4444444444444444,-19.909579110129023
hw,A,away_tov_rate_L,away_hours_since_prev_H,away_tov_rate_L × away_hours_since_prev_H,328,-2.842025363864462,0.5030487804878049,0.5804878048780487,UNDER,-2.5469790766726663,488.0,0.48565573770491804,-5.134158740380922,296.0,0.3952702702702703,-80.65140465177683
hw,A,home_dreb_rate_H,games_l7_home_L,home_dreb_rate_H × games_l7_home_L,320,2.633087003642535,0.653125,0.5804878048780487,OVER,0.6452789006518731,234.0,0.5641025641025641,2.030110551337616,133.0,0.631578947368421,22.899982092151873
hw,A,home_dreb_rate_H,home_games_last_4_L,home_dreb_rate_H × home_games_last_4_L,145,2.832124804178724,0.696551724137931,0.5804878048780487,OVER,1.1429577157766249,107.0,0.5981308411214953,1.417872160018379,48.0,0.6458333333333334,49.93609893439912
hw,A,home_dreb_rate_H,home_travel_miles_est_L,home_dreb_rate_H × home_travel_miles_est_L,243,2.852289531523772,0.6707818930041153,0.5804878048780487,OVER,0.26404118523077885,190.0,0.5526315789473685,2.0675605970167563,114.0,0.6403508771929824,27.512246769976105
hw,A,away_dreb_rate_H,proj_total_naive_L,away_dreb_rate_H × proj_total_naive_L,132,-2.579419368629162,0.4696969696969697,0.5804878048780487,UNDER,-1.2527642453501648,94.0,0.4787234042553192,-2.6100601409421667,95.0,0.4105263157894737,-1.1878941705120545
hb,B,away_ortg_L,proj_total_naive_H,away_ortg_L × proj_total_naive_H,59,4.68259485001047,0.576271186440678,0.2975609756097561,OVER,2.532127248268242,42.0,0.47619047619047616,5.150044507686028,31.0,0.7419354838709677,-9.982705586295014
aw,B,b2b_flag_home,away_ortg_trend_H,b2b_flag_home × away_ortg_trend_H,58,2.572568496832335,0.5862068965517241,0.4195121951219512,OVER,3.5608425601790556,65.0,0.676923076923077,,,,
aw,B,home_ortg_L,away_3pa_rate_H,home_ortg_L × away_3pa_rate_H,137,3.900056859225289,0.583941605839416,0.4195121951219512,OVER,2.746925680771057,130.0,0.5769230769230769,2.579957289508681,312.0,0.5288461538461539,33.84821343294041
aw,B,home_drtg_H,away_ortg_trend_H,home_drtg_H × away_ortg_trend_H,122,4.003098500524045,0.5983606557377049,0.4195121951219512,OVER,3.7830917201451477,179.0,0.5977653631284916,3.277682250579249,180.0,0.5777777777777777,18.121368980799048
aw,B,home_drtg_H,away_tov_rate_L,home_drtg_H × away_tov_rate_L,154,3.983582242960221,0.577922077922078,0.4195121951219512,OVER,4.738015571136928,323.0,0.5882352941176471,5.835522940368137,171.0,0.6783625730994152,-46.48933006669217
aw,B,away_pace_L,away_3pa_rate_L,away_pace_L × away_3pa_rate_L,80,2.3650812960314913,0.55,0.4195121951219512,OVER,1.8845286654855888,86.0,0.5581395348837209,1.9841409961506067,28.0,0.6428571428571429,16.106858589600563
aw,B,away_ortg_x_home_drtg_H,away_tov_rate_L,away_ortg_x_home_drtg_H × away_tov_rate_L,207,4.38891356965043,0.5700483091787439,0.4195121951219512,OVER,4.218439970025028,424.0,0.5589622641509434,6.1177697742879475,228.0,0.6578947368421053,-39.39143884246549
aw,B,away_ortg_x_home_drtg_H,days_rest_home_L,away_ortg_x_home_drtg_H × days_rest_home_L,299,4.753967191152548,0.5551839464882943,0.4195121951219512,OVER,4.294824003516741,561.0,0.5472370766488414,5.270685924897994,427.0,0.5831381733021077,-10.869211186545291
aw,B,away_ortg_x_home_drtg_H,home_rest_days_L,away_ortg_x_home_drtg_H × home_rest_days_L,298,4.693794770081102,0.5536912751677853,0.4195121951219512,OVER,4.337859614243443,558.0,0.5483870967741935,5.270685924897994,427.0,0.5831381733021077,-12.29050657463928
aw,B,away_ortg_x_home_drtg_H,home_hours_since_prev_L,away_ortg_x_home_drtg_H × home_hours_since_prev_L,298,4.693794770081102,0.5536912751677853,0.4195121951219512,OVER,4.337859614243443,558.0,0.5483870967741935,5.270685924897994,427.0,0.5831381733021077,-12.29050657463928
aw,B,home_3pa_rate_L,home_tov_rate_H,home_3pa_rate_L × home_tov_rate_H,118,3.0775838429108586,0.559322033898305,0.4195121951219512,OVER,1.5889106053761066,55.0,0.5636363636363636,,,,
aw,B,away_3pa_rate_H,away_tov_rate_L,away_3pa_rate_H × away_tov_rate_L,152,3.4901505975598814,0.5592105263157895,0.4195121951219512,OVER,2.507039274784815,242.0,0.5371900826446281,4.3864362318095065,268.0,0.5895522388059702,-25.68042865761317
o230,B,b2b_flag_away,home_tov_rate_L,b2b_flag_away × home_tov_rate_L,74,2.3059019977150754,0.5945945945945946,0.4609756097560976,OVER,,,,,,,
o230,B,home_ortg_H,home_drtg_H,home_ortg_H × home_drtg_H,146,4.266505355680007,0.636986301369863,0.4609756097560976,OVER,3.8030551341275296,270.0,0.5555555555555556,1.8313506061928562,156.0,0.5192307692307693,57.07609733209931
o230,B,home_ortg_H,away_drtg_H,home_ortg_H × away_drtg_H,168,3.3363554804265223,0.5892857142857143,0.4609756097560976,OVER,4.010755305299178,223.0,0.5739910313901345,1.6027206385888573,107.0,0.5233644859813084,51.961934272544475
o230,B,home_ortg_H,away_ortg_trend_L,home_ortg_H × away_ortg_trend_L,142,2.616402503466098,0.5704225352112676,0.4609756097560976,OVER,0.8861183514404114,208.0,0.47115384615384615,0.9486364965620953,142.0,0.4859154929577465,63.742715606433556
o230,B,home_ortg_H,home_3pa_rate_H,home_ortg_H × home_3pa_rate_H,207,3.4270390010807863,0.5797101449275363,0.4609756097560976,OVER,3.0518553122204426,260.0,0.5346153846153846,,,,
o230,B,home_ortg_H,away_tov_rate_L,home_ortg_H × away_tov_rate_L,160,2.4176475408513,0.55625,0.4609756097560976,OVER,3.383562193840961,279.0,0.5412186379928315,3.250767474212988,133.0,0.5864661654135338,-34.45994171128563
o230,B,home_ortg_L,away_ortg_x_home_drtg_H,home_ortg_L × away_ortg_x_home_drtg_H,127,2.3953781545861887,0.5669291338582677,0.4609756097560976,OVER,,,,,,,
o230,B,home_drtg_H,home_ortg_x_away_drtg_H,home_drtg_H × home_ortg_x_away_drtg_H,170,4.713441700749004,0.6411764705882353,0.4609756097560976,OVER,4.494770460700883,255.0,0.5803921568627451,2.1917169040353492,119.0,0.5462184873949579,53.500710453529784
o230,B,home_drtg_H,home_ortg_trend_H,home_drtg_H × home_ortg_trend_H,147,3.1829230150467667,0.5918367346938775,0.4609756097560976,OVER,1.4038439148703614,185.0,0.4918918918918919,1.6300501651667365,209.0,0.5023923444976076,48.78763459056561
o230,B,home_drtg_H,home_pace_trend_H,home_drtg_H × home_pace_trend_H,137,3.2301566894733487,0.5985401459854015,0.4609756097560976,OVER,2.7350422403248817,226.0,0.5309734513274337,,,,
o230,B,home_drtg_H,home_3pa_rate_H,home_drtg_H × home_3pa_rate_H,138,4.164343545643067,0.6376811594202898,0.4609756097560976,OVER,3.295454521148151,254.0,0.5433070866141733,,,,
o230,B,home_drtg_H,away_3pa_rate_H,home_drtg_H × away_3pa_rate_H,143,4.039746183741187,0.6293706293706294,0.4609756097560976,OVER,1.558379108526333,247.0,0.4898785425101215,,,,
o230,B,home_drtg_H,away_ft_rate_H,home_drtg_H × away_ft_rate_H,137,3.4015510524452743,0.6058394160583942,0.4609756097560976,OVER,2.7112384097718873,97.0,0.5773195876288659,,,,
o230,B,home_drtg_H,proj_total_naive_H,home_drtg_H × proj_total_naive_H,145,4.357990315553358,0.6413793103448275,0.4609756097560976,OVER,5.814758129641882,292.0,0.6095890410958904,3.3344073263146403,171.0,0.5730994152046783,23.487500318337617
o230,B,home_pace_H,away_3pa_rate_H,home_pace_H × away_3pa_rate_H,145,2.525399516192459,0.5655172413793104,0.4609756097560976,OVER,3.4144168627538263,123.0,0.5934959349593496,3.5179080491051122,200.0,0.57,-39.30105025160758
o230,B,home_pace_H,home_tov_rate_L,home_pace_H × home_tov_rate_L,118,3.4359168225825636,0.6186440677966102,0.4609756097560976,OVER,5.028982887353168,171.0,0.631578947368421,2.08414526437886,96.0,0.5520833333333334,39.3423830669935
o230,B,home_pace_H,away_dreb_rate_L,home_pace_H × away_dreb_rate_L,121,2.958470367998016,0.5950413223140496,0.4609756097560976,OVER,5.02980816952897,125.0,0.664,2.63664205679246,156.0,0.5512820512820513,10.878199582013586
o230,B,away_ortg_L,away_tov_rate_L,away_ortg_L × away_tov_rate_L,79,2.840043181248362,0.620253164556962,0.4609756097560976,OVER,,,,,,,
o230,B,away_drtg_H,away_pace_trend_H,away_drtg_H × away_pace_trend_H,150,3.4158079601589413,0.6,0.4609756097560976,OVER,2.7603850439983115,201.0,0.5373134328358209,,,,
o230,B,away_drtg_H,away_3pa_rate_H,away_drtg_H × away_3pa_rate_H,162,3.5182886334826025,0.5987654320987654,0.4609756097560976,OVER,1.530914448117722,164.0,0.5,1.6618161276831798,198.0,0.5050505050505051,52.76635032532224
o230,B,home_ortg_x_away_drtg_H,away_pace_trend_H,home_ortg_x_away_drtg_H × away_pace_trend_H,163,4.6920972877077345,0.6441717791411042,0.4609756097560976,OVER,4.318625548745877,203.0,0.5911330049261084,,,,
o230,B,home_ortg_x_away_drtg_H,home_3pa_rate_H,home_ortg_x_away_drtg_H × home_3pa_rate_H,192,3.98036892321621,0.6041666666666666,0.4609756097560976,OVER,3.737108453332129,243.0,0.5596707818930041,,,,
o230,B,home_ortg_x_away_drtg_H,games_l7_home_H,home_ortg_x_away_drtg_H × games_l7_home_H,335,3.679821675916985,0.5611940298507463,0.4609756097560976,OVER,3.0263343838708607,414.0,0.5144927536231884,1.3814475599344773,279.0,0.4874551971326165,62.458844976768326
o230,B,home_ortg_x_away_drtg_H,home_games_last_5_H,home_ortg_x_away_drtg_H × home_games_last_5_H,356,3.6036098681516795,0.5561797752808989,0.4609756097560976,OVER,3.5107387319129404,437.0,0.5240274599542334,1.272463216662361,296.0,0.4831081081081081,64.68920712232877
o230,B,away_ortg_x_home_drtg_H,away_3pa_rate_H,away_ortg_x_home_drtg_H × away_3pa_rate_H,161,2.9696628526903526,0.577639751552795,0.4609756097560976,OVER,1.986019639050317,276.0,0.5,1.7656258271035836,338.0,0.4940828402366864,40.54456971423463
o230,B,away_ortg_x_home_drtg_H,home_tov_rate_L,away_ortg_x_home_drtg_H × home_tov_rate_L,151,2.5129431724813487,0.5629139072847682,0.4609756097560976,OVER,2.491545069891169,345.0,0.5072463768115942,1.894374469498653,149.0,0.5234899328859061,24.61530804820803
o230,B,away_ortg_x_home_drtg_H,away_tov_rate_H,away_ortg_x_home_drtg_H × away_tov_rate_H,87,3.2036219067394196,0.632183908045977,0.4609756097560976,OVER,0.6660873954094305,97.0,0.4742268041237113,1.27716857825625,140.0,0.5,60.13360454398546
o230,B,home_ortg_trend_H,away_pace_trend_H,home_ortg_trend_H × away_pace_trend_H,142,3.2898017667561787,0.5985915492957746,0.4609756097560976,OVER,0.8759555201785536,136.0,0.47794117647058826,,,,
o230,B,home_ortg_trend_H,home_3pa_rate_H,home_ortg_trend_H × home_3pa_rate_H,147,3.3483849696770664,0.5986394557823129,0.4609756097560976,OVER,0.4079990598883554,171.0,0.45614035087719296,,,,
o230,B,home_ortg_trend_H,home_tov_rate_L,home_ortg_trend_H × home_tov_rate_L,139,2.3693302756772785,0.5611510791366906,0.4609756097560976,OVER,0.10753392891555918,198.0,0.4444444444444444,0.714874843686508,132.0,0.4772727272727273,69.82797835214598
o230,B,home_pace_trend_L,away_road_trip_length_L,home_pace_trend_L × away_road_trip_length_L,172,2.556384007095556,0.5581395348837209,0.4609756097560976,OVER,,,,,,,
o230,B,away_pace_trend_H,home_3pa_rate_H,away_pace_trend_H × home_3pa_rate_H,135,3.9311570938716778,0.6296296296296297,0.4609756097560976,OVER,1.84051115376747,183.0,0.5081967213114754,,,,
o230,B,away_pace_trend_H,away_ft_rate_L,away_pace_trend_H × away_ft_rate_L,135,2.8952013947903343,0.5851851851851851,0.4609756097560976,OVER,0.9825725088344164,281.0,0.4697508896797153,,,,
o230,B,away_pace_trend_H,away_dreb_rate_L,away_pace_trend_H × away_dreb_rate_L,112,2.91368332545991,0.5982142857142857,0.4609756097560976,OVER,3.1072798878161243,186.0,0.553763440860215,,,,
o230,B,away_pace_trend_H,proj_total_naive_H,away_pace_trend_H × proj_total_naive_H,156,4.190173984706728,0.6282051282051282,0.4609756097560976,OVER,4.831563653127993,219.0,0.6027397260273972,3.686714179483329,155.0,0.5935483870967742,12.015248222649559
o230,B,away_pace_trend_H,away_travel_miles_est_H,away_pace_trend_H × away_travel_miles_est_H,125,4.015355739074311,0.64,0.4609756097560976,OVER,1.072464365650086,179.0,0.48044692737430167,,,,
o230,B,home_3pa_rate_H,away_3pa_rate_H,home_3pa_rate_H × away_3pa_rate_H,125,3.477057367514484,0.616,0.4609756097560976,OVER,0.170073716554512,188.0,0.44680851063829785,,,,
o230,B,home_3pa_rate_H,away_tov_rate_L,home_3pa_rate_H × away_tov_rate_L,149,3.0099683653000335,0.5838926174496645,0.4609756097560976,OVER,1.5439629894346216,258.0,0.4883720930232558,,,,
o230,B,home_3pa_rate_H,proj_total_naive_H,home_3pa_rate_H × proj_total_naive_H,186,4.009616920835942,0.6075268817204301,0.4609756097560976,OVER,4.56229673633146,252.0,0.5833333333333334,2.6839382108973555,265.0,0.5283018867924528,33.06247794021688
o230,B,away_3pa_rate_H,away_ft_rate_L,away_3pa_rate_H × away_ft_rate_L,134,3.15917479218341,0.5970149253731343,0.4609756097560976,OVER,,,,,,,
o230,B,away_3pa_rate_L,home_ft_rate_H,away_3pa_rate_L × home_ft_rate_H,124,2.13285774581497,0.5564516129032258,0.4609756097560976,OVER,0.05126478914779027,45.0,0.4444444444444444,,,,
o230,B,home_ft_rate_H,away_tov_rate_H,home_ft_rate_H × away_tov_rate_H,136,2.2891690658230788,0.5588235294117647,0.4609756097560976,OVER,,,,,,,
o230,B,away_ft_rate_H,home_dreb_rate_L,away_ft_rate_H × home_dreb_rate_L,129,2.037264511294097,0.5503875968992248,0.4609756097560976,OVER,2.6674138780452137,74.0,0.5945945945945946,,,,
o230,B,home_tov_rate_L,away_dreb_rate_L,home_tov_rate_L × away_dreb_rate_L,125,2.4004606243948317,0.568,0.4609756097560976,OVER,2.4421941389174644,216.0,0.5231481481481481,2.306986141454943,199.0,0.5276381909547738,3.894022755047439
o230,B,home_tov_rate_L,proj_total_naive_H,home_tov_rate_L × proj_total_naive_H,168,3.955457425199039,0.6130952380952381,0.4609756097560976,OVER,4.603914749755171,358.0,0.5614525139664804,3.520288633044351,198.0,0.5707070707070707,11.001731162175012
o230,B,home_tov_rate_L,away_travel_miles_est_H,home_tov_rate_L × away_travel_miles_est_H,128,2.304263775032203,0.5625,0.4609756097560976,OVER,0.6306729494347183,232.0,0.46120689655172414,1.2257506507842513,147.0,0.4965986394557823,46.805106947136686
o230,B,away_tov_rate_L,away_travel_miles_est_H,away_tov_rate_L × away_travel_miles_est_H,123,2.767551383324373,0.5853658536585366,0.4609756097560976,OVER,0.44335495353762183,224.0,0.45535714285714285,1.2066700466570257,143.0,0.4965034965034965,56.39936248599735
b110,B,b2b_flag_away,away_tov_rate_H,b2b_flag_away × away_tov_rate_H,78,2.4864376503490035,0.6153846153846154,0.47479674796747967,OVER,0.4845872448214725,45.0,0.4666666666666667,,,,
b110,B,home_ortg_H,home_drtg_H,home_ortg_H × home_drtg_H,146,3.4272809409888407,0.6164383561643836,0.47479674796747967,OVER,4.628067812828996,270.0,0.5703703703703704,2.1503881235415854,156.0,0.5128205128205128,37.25673031866613
b110,B,home_ortg_H,home_pace_H,home_ortg_H × home_pace_H,114,2.977101837382173,0.6140350877192983,0.47479674796747967,OVER,4.406582437834311,134.0,0.6194029850746269,1.5339356734198852,110.0,0.5,48.47553905751822
b110,B,home_ortg_H,away_ortg_H,home_ortg_H × away_ortg_H,153,2.0004055104404297,0.5555555555555556,0.47479674796747967,OVER,2.3213672557422824,291.0,0.49828178694158076,2.5497302569698768,176.0,0.5227272727272727,-27.46066953237407
b110,B,home_ortg_H,away_drtg_H,home_ortg_H × away_drtg_H,168,2.6626713441631877,0.5773809523809523,0.47479674796747967,OVER,3.0981440198663894,223.0,0.5336322869955157,,,,
b110,B,home_ortg_H,away_ortg_x_home_drtg_H,home_ortg_H × away_ortg_x_home_drtg_H,157,2.1506907582490613,0.5605095541401274,0.47479674796747967,OVER,3.718667497581481,310.0,0.535483870967742,2.7922521892460583,154.0,0.538961038961039,-29.830482533867887
b110,B,home_ortg_H,away_ortg_trend_L,home_ortg_H × away_ortg_trend_L,142,2.7860760549162187,0.5915492957746479,0.47479674796747967,OVER,0.8924778377395789,208.0,0.46153846153846156,,,,
b110,B,home_ortg_H,away_pace_trend_H,home_ortg_H × away_pace_trend_H,146,3.4272809409888407,0.6164383561643836,0.47479674796747967,OVER,3.407031593306202,204.0,0.5490196078431373,2.7078330222709615,153.0,0.5359477124183006,20.99179877883906
b110,B,home_ortg_H,away_3pa_rate_H,home_ortg_H × away_3pa_rate_H,137,3.413712839864995,0.6204379562043796,0.47479674796747967,OVER,1.5451694138573329,200.0,0.485,1.51275306970483,255.0,0.4745098039215686,55.685989400190564
b110,B,home_ortg_H,away_tov_rate_L,home_ortg_H × away_tov_rate_L,160,2.0632452239750636,0.55625,0.47479674796747967,OVER,3.358581739089878,279.0,0.5304659498207885,2.12486269966507,133.0,0.518796992481203,-2.986434912050534
b110,B,home_drtg_H,away_drtg_H,home_drtg_H × away_drtg_H,156,3.195689906433898,0.6025641025641025,0.47479674796747967,OVER,3.090023944638076,246.0,0.5284552845528455,,,,
b110,B,home_drtg_H,away_pace_H,home_drtg_H × away_pace_H,126,4.134550736636788,0.6587301587301587,0.47479674796747967,OVER,3.8526022990173185,150.0,0.5866666666666667,3.569861020860801,105.0,0.6,13.65782528128627
b110,B,home_drtg_H,home_ortg_x_away_drtg_H,home_drtg_H × home_ortg_x_away_drtg_H,170,4.036998252052568,0.6294117647058823,0.47479674796747967,OVER,4.18855265729465,255.0,0.5607843137254902,1.6880990901082398,119.0,0.5042016806722689,58.18429970213774
b110,B,home_drtg_H,home_ortg_trend_H,home_drtg_H × home_ortg_trend_H,147,2.8416812395318507,0.5918367346938775,0.47479674796747967,OVER,1.9723284223351596,185.0,0.5027027027027027,1.3454036816658355,209.0,0.47368421052631576,52.65465869467181
b110,B,home_drtg_H,away_pace_trend_H,home_drtg_H × away_pace_trend_H,134,3.0061505276351705,0.6044776119402985,0.47479674796747967,OVER,4.049354432450651,235.0,0.5617021276595745,2.0546234254479123,237.0,0.4936708860759494,31.652676519022823
b110,B,home_drtg_H,home_3pa_rate_H,home_drtg_H × home_3pa_rate_H,138,4.17272420995608,0.6521739130434783,0.47479674796747967,OVER,3.111022340617352,254.0,0.5275590551181102,,,,
b110,B,home_drtg_H,away_3pa_rate_H,home_drtg_H × away_3pa_rate_H,143,3.199191212262928,0.6083916083916084,0.47479674796747967,OVER,2.0004760065167084,247.0,0.4939271255060729,,,,
b110,B,home_drtg_H,away_ft_rate_H,home_drtg_H × away_ft_rate_H,137,3.0715347946336418,0.6058394160583942,0.47479674796747967,OVER,3.3222665745169695,97.0,0.5979381443298969,,,,
b110,B,home_drtg_H,home_dreb_rate_H,home_drtg_H × home_dreb_rate_H,97,2.8353470086045363,0.6185567010309279,0.47479674796747967,OVER,0.27397489213003495,131.0,0.44274809160305345,,,,
b110,B,home_drtg_H,proj_total_naive_H,home_drtg_H × proj_total_naive_H,145,4.016945765096936,0.6413793103448275,0.47479674796747967,OVER,6.048077588271665,292.0,0.6061643835616438,3.22638566955242,171.0,0.5497076023391813,19.68062656990935
b110,B,home_drtg_H,games_l7_home_H,home_drtg_H × games_l7_home_H,324,3.133522678997525,0.5617283950617284,0.47479674796747967,OVER,1.1737286039041257,499.0,0.45691382765531063,1.3442734100171045,442.0,0.4592760180995475,57.100249536181316
b110,B,home_drtg_H,games_l7_away_H,home_drtg_H × games_l7_away_H,330,2.9011023236872804,0.5545454545454546,0.47479674796747967,OVER,1.9056069540586915,501.0,0.47305389221556887,1.2575030783886987,435.0,0.4574712643678161,56.654301086822024
b110,B,home_drtg_H,home_games_last_5_H,home_drtg_H × home_games_last_5_H,338,2.997450222230077,0.5562130177514792,0.47479674796747967,OVER,1.3602762987601689,537.0,0.45996275605214154,1.243159883541275,467.0,0.45610278372591007,58.526087461883705
b110,B,home_drtg_H,away_games_last_4_H,home_drtg_H × away_games_last_4_H,276,2.8876460628441003,0.5615942028985508,0.47479674796747967,OVER,0.965129439053713,416.0,0.4543269230769231,,,,
b110,B,home_pace_H,away_pace_H,home_pace_H × away_pace_H,132,3.194352191167482,0.6136363636363636,0.47479674796747967,OVER,3.853131258080763,79.0,0.6455696202531646,2.8562247029020003,55.0,0.6181818181818182,10.585166194273086
b110,B,home_pace_H,games_l7_home_H,home_pace_H × games_l7_home_H,337,2.944602064528259,0.5548961424332344,0.47479674796747967,OVER,4.445910530726555,277.0,0.5631768953068592,4.032571378311236,245.0,0.5551020408163265,-36.94792335063024
b110,B,home_pace_H,games_l7_away_H,home_pace_H × games_l7_away_H,334,3.1138735029233264,0.5598802395209581,0.47479674796747967,OVER,4.693494797097917,257.0,0.5758754863813229,4.6792241230638245,241.0,0.5767634854771784,-50.27020586003047
b110,B,away_ortg_L,away_tov_rate_L,away_ortg_L × away_tov_rate_L,79,2.3636769831779523,0.6075949367088608,0.47479674796747967,OVER,,,,,,,
b110,B,away_drtg_H,away_pace_trend_H,away_drtg_H × away_pace_trend_H,150,3.070744395024332,0.6,0.47479674796747967,OVER,3.6164877695442503,201.0,0.5572139303482587,,,,
b110,B,away_drtg_H,away_3pa_rate_H,away_drtg_H × away_3pa_rate_H,162,3.00240936937156,0.5925925925925926,0.47479674796747967,OVER,0.9986851193719593,164.0,0.4695121951219512,,,,
b110,B,away_pace_H,home_ortg_x_away_drtg_H,away_pace_H × home_ortg_x_away_drtg_H,149,3.6510892235694525,0.6241610738255033,0.47479674796747967,OVER,4.075130136363369,163.0,0.588957055214724,,,,
b110,B,away_pace_H,away_ortg_trend_H,away_pace_H × away_ortg_trend_H,120,3.2949770008466532,0.625,0.47479674796747967,OVER,2.9094860401177907,101.0,0.5742574257425742,,,,
b110,B,away_pace_H,home_3pa_rate_H,away_pace_H × home_3pa_rate_H,147,3.99785151986307,0.6394557823129252,0.47479674796747967,OVER,3.098166489042637,113.0,0.5752212389380531,1.776118776341201,161.0,0.4968944099378882,55.57316804997213
b110,B,away_pace_H,home_ft_rate_H,away_pace_H × home_ft_rate_H,134,3.3521377222633424,0.6194029850746269,0.47479674796747967,OVER,2.129106465074642,50.0,0.58,,,,
b110,B,away_pace_H,away_tov_rate_H,away_pace_H × away_tov_rate_H,160,3.171451173970402,0.6,0.47479674796747967,OVER,2.7121299768150666,83.0,0.5783132530120482,1.8059801577735868,107.0,0.514018691588785,43.05508555212455
b110,B,away_pace_H,home_dreb_rate_L,away_pace_H × home_dreb_rate_L,131,3.464556394679434,0.6259541984732825,0.47479674796747967,OVER,3.7301193151437184,124.0,0.5967741935483871,2.422892214806549,117.0,0.5384615384615384,30.066307521291403
b110,B,away_pace_H,games_l7_away_H,away_pace_H × games_l7_away_H,348,3.410515471663192,0.5660919540229885,0.47479674796747967,OVER,3.48738857761207,252.0,0.5396825396825397,2.5410713292079548,193.0,0.5181347150259067,25.493042024853764
b110,B,home_ortg_x_away_drtg_H,away_pace_trend_H,home_ortg_x_away_drtg_H × away_pace_trend_H,163,4.330376120796182,0.6441717791411042,0.47479674796747967,OVER,4.043415712939653,203.0,0.5714285714285714,,,,
b110,B,home_ortg_x_away_drtg_H,away_3pa_rate_H,home_ortg_x_away_drtg_H × away_3pa_rate_H,148,4.39999163542213,0.6554054054054054,0.47479674796747967,OVER,1.7217531653126565,180.0,0.49444444444444446,,,,
b110,B,away_ortg_x_home_drtg_H,away_3pa_rate_H,away_ortg_x_home_drtg_H × away_3pa_rate_H,161,2.2975393568538465,0.5652173913043478,0.47479674796747967,OVER,1.7106279828264037,276.0,0.48188405797101447,1.6993790260619146,338.0,0.47337278106508873,26.034824126409195
b110,B,away_ortg_x_home_drtg_H,away_tov_rate_H,away_ortg_x_home_drtg_H × away_tov_rate_H,87,3.5838427587997663,0.6666666666666666,0.47479674796747967,OVER,0.6567852636024518,97.0,0.4639175257731959,2.4138292889015003,140.0,0.5285714285714286,32.64689744061498
b110,B,away_ortg_trend_L,proj_total_naive_H,away_ortg_trend_L × proj_total_naive_H,128,3.934042721428285,0.6484375,0.47479674796747967,OVER,1.3902266265473904,231.0,0.47619047619047616,2.5194615563644405,168.0,0.5238095238095238,35.95744289605146
b110,B,home_pace_trend_L,away_road_trip_length_L,home_pace_trend_L × away_road_trip_length_L,172,2.0361506231422024,0.5523255813953488,0.47479674796747967,OVER,,,,,,,
b110,B,away_pace_trend_H,home_3pa_rate_H,away_pace_trend_H × home_3pa_rate_H,135,4.119625745655091,0.6518518518518519,0.47479674796747967,OVER,2.5595527245584395,183.0,0.5245901639344263,,,,
b110,B,away_pace_trend_H,home_dreb_rate_L,away_pace_trend_H × home_dreb_rate_L,137,2.558267726786609,0.583941605839416,0.47479674796747967,OVER,3.6054742946848997,185.0,0.5621621621621622,1.8743544732202284,240.0,0.4875,26.73345117109502
b110,B,away_pace_trend_H,away_dreb_rate_L,away_pace_trend_H × away_dreb_rate_L,112,2.994027426457639,0.6160714285714286,0.47479674796747967,OVER,2.791626560629607,186.0,0.532258064516129,,,,
b110,B,away_pace_trend_H,proj_total_naive_H,away_pace_trend_H × proj_total_naive_H,156,3.997349758145779,0.6346153846153846,0.47479674796747967,OVER,4.58961766745548,219.0,0.5844748858447488,3.5255659028563806,155.0,0.567741935483871,11.802416196581236
b110,B,away_pace_trend_H,away_travel_miles_est_H,away_pace_trend_H × away_travel_miles_est_H,125,3.5196458077220787,0.632,0.47479674796747967,OVER,1.0369151948998845,179.0,0.4692737430167598,,,,
b110,B,home_3pa_rate_H,games_l7_home_H,home_3pa_rate_H × games_l7_home_H,341,4.456428274133191,0.5953079178885631,0.47479674796747967,OVER,0.7072447846581512,406.0,0.4482758620689655,,,,
b110,B,home_3pa_rate_H,home_games_last_5_H,home_3pa_rate_H × home_games_last_5_H,353,4.199092584323467,0.5864022662889519,0.47479674796747967,OVER,1.151885184933039,423.0,0.458628841607565,,,,
b110,B,away_3pa_rate_H,away_tov_rate_H,away_3pa_rate_H × away_tov_rate_H,148,2.424692756572121,0.5743243243243243,0.47479674796747967,OVER,,,,,,,
b110,B,away_3pa_rate_H,games_l7_home_L,away_3pa_rate_H × games_l7_home_L,284,2.6329850851756595,0.5528169014084507,0.47479674796747967,OVER,0.9538492297786587,326.0,0.4570552147239264,,,,
b110,B,away_3pa_rate_H,away_travel_miles_est_H,away_3pa_rate_H × away_travel_miles_est_H,128,2.164025694814491,0.5703125,0.47479674796747967,OVER,,,,,,,
b110,B,home_ft_rate_H,away_tov_rate_H,home_ft_rate_H × away_tov_rate_H,136,2.4774696359456683,0.5808823529411765,0.47479674796747967,OVER,,,,,,,
b110,B,home_ft_rate_L,away_road_trip_length_L,home_ft_rate_L × away_road_trip_length_L,185,2.2323911358162998,0.5567567567567567,0.47479674796747967,OVER,,,,,,,
b110,B,home_ft_rate_L,away_travel_miles_est_H,home_ft_rate_L × away_travel_miles_est_H,136,2.305752761595775,0.5735294117647058,0.47479674796747967,OVER,,,,,,,
b110,B,away_ft_rate_L,away_road_trip_length_L,away_ft_rate_L × away_road_trip_length_L,166,2.670828941685004,0.5783132530120482,0.47479674796747967,OVER,,,,,,,
b110,B,home_tov_rate_L,away_travel_miles_est_H,home_tov_rate_L × away_travel_miles_est_H,128,2.34102739747587,0.578125,0.47479674796747967,OVER,,,,,,,
b110,B,away_tov_rate_L,away_travel_miles_est_H,away_tov_rate_L × away_travel_miles_est_H,123,2.9973534702479676,0.6097560975609756,0.47479674796747967,OVER,0.6044225167419768,224.0,0.45089285714285715,1.3263864996620447,143.0,0.4825174825174825,55.74807866913627
b110,B,home_travel_miles_est_H,away_travel_miles_est_H,home_travel_miles_est_H × away_travel_miles_est_H,144,2.2744360144923133,0.5694444444444444,0.47479674796747967,OVER,,,,,,,
h120,B,b2b_flag_away,away_drtg_H,b2b_flag_away × away_drtg_H,80,4.263135206510048,0.575,0.34796747967479674,OVER,3.1713445927834027,86.0,0.5,1.7733730525275975,60.0,0.43333333333333335,58.40213911537319
h120,B,b2b_flag_away,home_ortg_x_away_drtg_H,b2b_flag_away × home_ortg_x_away_drtg_H,78,4.007454629672105,0.5641025641025641,0.34796747967479674,OVER,3.9275753728135427,83.0,0.5421686746987951,3.141655928923078,53.0,0.5283018867924528,21.60470375231341
h120,B,b2b_flag_away,home_tov_rate_L,b2b_flag_away × home_tov_rate_L,74,3.721873456096284,0.5540540540540541,0.34796747967479674,OVER,0.909808186996544,108.0,0.37962962962962965,1.94287136484105,61.0,0.4426229508196721,47.79856468094845
h120,B,b2b_flag_away,away_travel_miles_est_H,b2b_flag_away × away_travel_miles_est_H,27,3.476633258577272,0.6666666666666666,0.34796747967479674,OVER,0.9937871857533267,44.0,0.4090909090909091,,,,
h120,B,home_ortg_H,away_pace_H,home_ortg_H × away_pace_H,133,5.046247453250877,0.556390977443609,0.34796747967479674,OVER,4.454180329499118,137.0,0.5182481751824818,4.294802570912485,73.0,0.5616438356164384,14.891161983233673
h120,B,away_tov_rate_H,proj_total_naive_H,away_tov_rate_H × proj_total_naive_H,116,4.997047234567586,0.5689655172413793,0.34796747967479674,OVER,0.8466312829588386,81.0,0.38271604938271603,4.010666079216572,128.0,0.4921875,19.739280199867267
a120,B,home_ortg_L,proj_total_naive_H,home_ortg_L × proj_total_naive_H,36,3.964354562513622,0.5555555555555556,0.26422764227642276,OVER,1.4349435361926781,39.0,0.38461538461538464,4.348629844869799,62.0,0.5161290322580645,-9.693262201868363
