event_class,count,mean,engine,per_game,clock_per_game
complete_inbounds,479953,35.841655267642956,5z_main,23.99765,860.115498533552
drive_ending,141188,8.214365201681504,5z_main,7.0594,57.98848970475041
eoh,1629,10.387660057693816,5z_main,0.08145,0.8460749116991614
fgs,296,25.39545329390746,5z_main,0.0148,0.37585270874983046
first_down_pass,394731,33.250910414508034,5z_main,19.73655,656.2582559414585
first_down_rush,223320,36.01660416862715,5z_main,11.166,402.16140214689074
incomplete,492669,7.812486410392679,5z_main,24.63345,192.44849336608752
kneel,30682,20.34309667155024,5z_main,1.5341,31.20834460382522
run,769126,36.40237847300778,5z_main,38.4563,1399.900787271529
spike,2167,0.9815237426405741,5z_main,0.10835,0.1063480975151062
timeout_stopped,43304,8.85144604653712,5z_main,2.1652,19.165150979962174
complete_inbounds,473021,36.21386657959674,6a,23.65105,856.4959691673714
drive_ending,138613,8.22215332016749,6a,6.93065,56.98486690841881
eoh,1508,9.830360330943948,6a,0.0754,0.7412091689531737
fgs,203,24.826730271888078,6a,0.01015,0.251991312259664
first_down_pass,389689,33.63819439177067,6a,19.48445,655.421716716736
first_down_rush,221091,36.2729009809899,6a,11.05455,400.9805975394019
incomplete,424288,7.857441447211154,6a,21.2144,166.69090583771631
kneel,28835,20.09029351622819,6a,1.44175,28.965180677021994
run,762395,36.862560689624466,6a,38.11975,1405.1915978483123
spike,1984,0.9855550049293426,6a,0.0992,0.09776705648899078
timeout_followed,56140,12.70219048217862,6a,2.807,35.655048683475385
timeout_stopped,40694,8.792805820333488,6a,2.0347,17.890722002632547
