TEAM_ID,TEAM_NAME,FGM,FGA,AST,TOV,PTS,FGM_RANK,FGA_RANK,AST_RANK,TOV_RANK,PTS_RANK,season,TEAM_ABBREVIATION,GP,W,L,MIN,DRIVES,DRIVE_FGM,DRIVE_FGA,DRIVE_FG_PCT,DRIVE_FTM,DRIVE_FTA,DRIVE_FT_PCT,DRIVE_PTS,DRIVE_PTS_PCT,DRIVE_PASSES,DRIVE_PASSES_PCT,DRIVE_AST,DRIVE_AST_PCT,DRIVE_TOV,DRIVE_TOV_PCT,DRIVE_PF,DRIVE_PF_PCT,TOUCHES,ELBOW_TOUCHES,ELBOW_TOUCH_FGM,ELBOW_TOUCH_FGA,ELBOW_TOUCH_FG_PCT,ELBOW_TOUCH_FTM,ELBOW_TOUCH_FTA,ELBOW_TOUCH_FT_PCT,ELBOW_TOUCH_PTS,ELBOW_TOUCH_PASSES,ELBOW_TOUCH_AST,ELBOW_TOUCH_AST_PCT,ELBOW_TOUCH_TOV,ELBOW_TOUCH_TOV_PCT,ELBOW_TOUCH_FOULS,ELBOW_TOUCH_PASSES_PCT,ELBOW_TOUCH_FOULS_PCT,ELBOW_TOUCH_PTS_PCT,PAINT_TOUCHES,PAINT_TOUCH_FGM,PAINT_TOUCH_FGA,PAINT_TOUCH_FG_PCT,PAINT_TOUCH_FTM,PAINT_TOUCH_FTA,PAINT_TOUCH_FT_PCT,PAINT_TOUCH_PTS,PAINT_TOUCH_PTS_PCT,PAINT_TOUCH_PASSES,PAINT_TOUCH_PASSES_PCT,PAINT_TOUCH_AST,PAINT_TOUCH_AST_PCT,PAINT_TOUCH_TOV,PAINT_TOUCH_TOV_PCT,PAINT_TOUCH_FOULS,PAINT_TOUCH_FOULS_PCT,POST_TOUCHES,POST_TOUCH_FGM,POST_TOUCH_FGA,POST_TOUCH_FG_PCT,POST_TOUCH_FTM,POST_TOUCH_FTA,POST_TOUCH_FT_PCT,POST_TOUCH_PTS,POST_TOUCH_PTS_PCT,POST_TOUCH_PASSES,POST_TOUCH_PASSES_PCT,POST_TOUCH_AST,POST_TOUCH_AST_PCT,POST_TOUCH_TOV,POST_TOUCH_TOV_PCT,POST_TOUCH_FOULS,POST_TOUCH_FOULS_PCT,PASSES_MADE,PASSES_RECEIVED,FT_AST,SECONDARY_AST,POTENTIAL_AST,AST_POINTS_CREATED,AST_ADJ,AST_TO_PASS_PCT,AST_TO_PASS_PCT_ADJ
1610612737,Atlanta Hawks,44.6,92.4,25.0,12.9,118.4,1,3,18,3,3,2022-23,ATL,82,41,41,242.1,47.7,11.3,23.6,0.48,5.5,6.5,0.847,28.9,0.605,16.7,0.35,4.5,0.094,2.8,0.06,3.3,0.069,375.8,9.1,2.7,4.3,0.615,0.9,1.2,0.724,6.3,3.4,0.6,0.182,0.5,0.054,0.6,0.37,0.066,0.694,23.7,10.2,15.1,0.676,2.6,3.4,0.751,23.4,0.987,4.9,0.208,0.7,0.03,1.0,0.043,1.7,0.07,4.0,1.2,2.3,0.513,0.4,0.6,0.72,2.8,0.704,0.9,0.211,0.2,0.057,0.3,0.066,0.3,0.076,251.0,251.0,2.3,2.1,43.9,62.8,29.4,0.1,0.117
1610612738,Boston Celtics,42.2,88.8,26.7,13.4,117.9,13,15,7,7,4,2022-23,BOS,82,57,25,243.7,46.8,10.8,20.5,0.526,5.7,7.1,0.799,28.2,0.602,18.3,0.39,4.3,0.092,3.1,0.066,3.6,0.076,397.7,8.4,2.1,3.5,0.6,0.8,0.9,0.853,5.2,3.9,1.0,0.252,0.4,0.044,0.4,0.46,0.048,0.614,19.5,7.1,10.7,0.667,1.6,2.0,0.78,16.2,0.828,6.3,0.321,1.4,0.074,0.9,0.047,1.0,0.049,3.8,0.9,1.7,0.529,0.5,0.6,0.808,2.4,0.621,1.4,0.363,0.3,0.068,0.3,0.068,0.3,0.084,277.4,277.4,1.6,4.5,47.3,70.3,32.7,0.096,0.118
1610612751,Brooklyn Nets,41.5,85.1,25.5,13.7,113.4,21,28,13,14,20,2022-23,BKN,82,45,37,240.6,44.7,10.4,20.6,0.504,5.5,6.5,0.838,27.1,0.607,17.0,0.38,4.1,0.093,2.9,0.065,3.3,0.073,395.5,9.7,2.1,3.6,0.591,0.7,1.0,0.705,5.0,5.0,0.9,0.187,0.5,0.048,0.5,0.51,0.046,0.519,18.4,7.5,10.7,0.705,1.4,2.2,0.65,16.8,0.913,5.2,0.28,1.0,0.054,0.9,0.048,1.0,0.056,3.2,0.7,1.4,0.504,0.3,0.4,0.824,1.8,0.553,1.3,0.417,0.3,0.098,0.2,0.049,0.2,0.064,279.0,279.0,1.9,4.1,43.1,65.0,31.4,0.092,0.112
1610612766,Charlotte Hornets,41.3,90.4,25.1,14.2,111.0,22,6,17,17,27,2022-23,CHA,82,27,55,241.8,51.8,10.8,23.9,0.453,5.0,6.6,0.762,27.6,0.533,19.7,0.381,4.9,0.095,3.5,0.068,3.3,0.064,409.4,9.3,2.3,4.3,0.53,1.3,1.7,0.752,6.1,3.5,0.7,0.212,0.4,0.044,0.8,0.37,0.09,0.652,22.8,9.0,14.0,0.638,3.0,4.2,0.709,21.5,0.942,4.6,0.202,0.8,0.036,1.2,0.054,2.0,0.089,4.1,0.9,1.9,0.471,0.4,0.6,0.596,2.2,0.543,1.5,0.363,0.3,0.083,0.2,0.038,0.3,0.077,285.6,285.6,3.1,2.8,45.8,64.5,30.9,0.088,0.108
1610612741,Chicago Bulls,42.5,86.8,24.5,13.4,113.1,11,21,20,8,22,2022-23,CHI,81,39,42,242.8,42.8,10.0,18.6,0.536,5.7,6.8,0.839,26.5,0.619,17.0,0.398,4.0,0.094,2.7,0.064,3.4,0.079,405.9,9.7,2.7,4.6,0.593,0.8,1.1,0.733,6.3,3.9,0.7,0.172,0.6,0.059,0.5,0.401,0.051,0.654,17.8,7.4,11.1,0.663,1.8,2.6,0.679,16.8,0.949,3.8,0.216,0.8,0.042,0.9,0.05,1.3,0.071,8.7,2.2,3.9,0.561,0.7,0.9,0.768,5.3,0.608,3.8,0.432,0.6,0.072,0.3,0.036,0.4,0.05,288.2,287.5,2.0,3.9,43.0,62.2,30.3,0.085,0.105
1610612739,Cleveland Cavaliers,41.6,85.2,24.9,13.3,112.3,20,27,19,6,25,2022-23,CLE,82,51,31,242.4,48.1,10.6,21.2,0.499,5.0,6.1,0.81,26.9,0.559,19.3,0.401,5.9,0.122,3.0,0.061,3.1,0.064,387.2,12.7,3.0,5.1,0.593,1.0,1.4,0.723,7.3,5.9,1.4,0.236,0.7,0.055,0.6,0.468,0.05,0.573,25.5,9.9,14.4,0.682,2.9,4.0,0.708,23.0,0.903,6.6,0.261,1.4,0.054,1.4,0.054,1.9,0.076,4.2,0.9,2.2,0.435,0.4,0.6,0.75,2.3,0.554,1.2,0.287,0.4,0.096,0.3,0.075,0.3,0.07,269.2,269.2,2.5,3.4,43.6,63.0,30.8,0.093,0.114
1610612742,Dallas Mavericks,40.0,84.3,22.9,12.2,114.2,28,29,28,2,16,2022-23,DAL,82,38,44,243.1,44.9,11.1,20.3,0.547,6.5,8.4,0.771,29.7,0.663,16.4,0.367,4.1,0.091,2.7,0.061,4.2,0.093,389.0,7.7,1.8,2.7,0.649,0.6,0.8,0.742,4.3,4.0,0.8,0.204,0.3,0.04,0.4,0.515,0.052,0.564,16.6,6.2,8.8,0.701,2.0,2.9,0.686,14.7,0.885,4.9,0.295,0.8,0.05,0.9,0.054,1.3,0.081,5.9,1.6,2.8,0.573,1.0,1.4,0.754,4.3,0.73,1.9,0.322,0.3,0.054,0.3,0.056,0.7,0.118,272.5,272.5,2.1,3.7,43.3,61.8,28.8,0.084,0.106
1610612743,Denver Nuggets,43.6,86.4,28.9,14.5,115.8,3,22,2,20,12,2022-23,DEN,82,53,29,240.9,36.0,7.8,15.8,0.492,3.9,5.2,0.756,19.9,0.553,14.0,0.388,4.1,0.113,2.6,0.073,2.6,0.072,413.7,17.6,4.1,6.3,0.651,1.3,1.7,0.759,9.9,9.2,2.1,0.229,0.9,0.051,0.8,0.521,0.046,0.559,26.3,11.6,16.5,0.705,3.2,4.5,0.705,26.9,1.024,5.5,0.209,1.2,0.047,1.1,0.044,2.1,0.08,11.8,2.5,4.5,0.569,1.5,1.9,0.787,6.9,0.581,4.9,0.415,1.2,0.103,0.7,0.061,0.9,0.079,293.3,293.3,2.6,3.8,48.7,72.5,35.3,0.098,0.12
1610612765,Detroit Pistons,39.6,87.1,23.0,15.1,110.3,29,19,27,25,29,2022-23,DET,81,17,64,241.5,47.7,9.7,21.3,0.457,6.3,8.0,0.79,26.4,0.554,17.5,0.366,4.8,0.101,3.4,0.071,4.0,0.084,386.6,8.0,2.4,4.1,0.596,0.8,1.0,0.776,5.8,2.9,0.6,0.201,0.4,0.049,0.5,0.361,0.062,0.724,21.1,8.1,13.0,0.624,2.7,3.8,0.703,19.2,0.91,4.5,0.212,0.9,0.041,1.2,0.058,1.8,0.086,5.4,1.2,2.8,0.409,0.7,0.9,0.776,3.1,0.574,1.3,0.245,0.2,0.043,0.5,0.095,0.5,0.086,263.9,263.9,2.5,2.0,41.8,60.0,27.3,0.087,0.104
1610612744,Golden State Warriors,43.1,90.2,29.8,16.3,118.9,5,8,1,30,2,2022-23,GSW,81,43,38,241.9,36.7,7.7,15.3,0.505,4.1,5.0,0.817,20.1,0.548,15.3,0.417,3.9,0.107,2.7,0.072,2.5,0.068,446.5,11.1,2.9,4.4,0.651,0.9,1.1,0.761,6.8,5.3,1.1,0.207,0.6,0.052,0.5,0.475,0.049,0.613,22.5,7.8,12.1,0.648,2.3,3.1,0.745,18.4,0.817,6.8,0.302,1.4,0.063,1.2,0.054,1.5,0.066,4.5,0.6,1.2,0.495,0.1,0.2,0.688,1.4,0.314,2.7,0.595,0.7,0.154,0.2,0.055,0.1,0.022,321.6,321.6,2.8,5.0,55.8,78.9,37.6,0.093,0.117
1610612745,Houston Rockets,40.6,88.9,22.4,16.2,110.7,25,14,30,29,28,2022-23,HOU,82,22,60,240.9,50.2,10.9,23.3,0.468,6.8,8.7,0.781,29.5,0.589,17.6,0.351,3.8,0.075,3.4,0.068,4.3,0.086,410.8,11.6,2.5,5.0,0.51,1.1,1.6,0.674,6.3,4.6,0.9,0.195,0.8,0.07,0.8,0.395,0.069,0.545,24.7,9.0,14.5,0.618,2.4,3.3,0.723,20.8,0.842,6.0,0.242,1.3,0.052,1.6,0.064,1.6,0.063,6.3,1.5,2.9,0.543,0.6,0.8,0.823,3.8,0.596,2.2,0.342,0.4,0.069,0.5,0.073,0.4,0.06,284.6,284.6,2.4,2.7,41.2,57.3,27.5,0.079,0.097
1610612754,Indiana Pacers,42.0,89.6,27.0,14.9,116.3,17,11,6,23,10,2022-23,IND,82,35,47,240.9,55.7,11.6,23.8,0.488,5.6,7.0,0.801,29.7,0.534,23.5,0.422,5.4,0.097,3.5,0.062,3.5,0.063,428.8,9.1,2.6,4.4,0.597,0.9,1.2,0.706,6.4,3.4,0.5,0.157,0.5,0.056,0.6,0.378,0.067,0.703,20.6,7.9,12.3,0.643,3.0,4.0,0.748,19.2,0.932,4.5,0.219,0.6,0.031,1.1,0.052,1.9,0.09,2.7,0.8,1.6,0.489,0.5,0.7,0.714,2.1,0.768,0.5,0.174,0.1,0.036,0.1,0.045,0.3,0.125,305.2,305.2,3.3,3.1,48.8,71.6,33.3,0.088,0.109
1610612746,LA Clippers,41.1,86.1,23.9,14.2,113.6,23,24,24,18,18,2022-23,LAC,82,44,38,241.8,45.1,10.0,19.7,0.506,5.6,7.0,0.795,26.3,0.583,17.6,0.39,4.3,0.096,2.9,0.065,3.5,0.078,392.6,10.4,2.5,4.2,0.585,1.1,1.4,0.779,6.2,4.6,0.8,0.17,0.6,0.061,0.6,0.444,0.062,0.599,19.9,7.3,11.3,0.648,2.7,3.7,0.72,17.7,0.891,4.7,0.235,0.7,0.036,1.4,0.068,1.7,0.085,6.5,1.9,3.4,0.56,0.7,0.9,0.833,4.6,0.709,2.0,0.316,0.4,0.064,0.4,0.06,0.4,0.068,277.5,277.5,2.5,3.7,41.3,62.9,30.0,0.086,0.108
1610612747,Los Angeles Lakers,42.9,89.0,25.3,14.1,117.2,8,13,15,15,6,2022-23,LAL,82,43,39,242.4,44.2,9.2,18.3,0.502,5.6,7.2,0.776,25.0,0.565,18.0,0.408,5.0,0.114,3.1,0.069,3.6,0.082,380.4,11.3,3.1,5.4,0.584,1.1,1.4,0.779,7.6,4.2,0.7,0.176,0.6,0.052,0.6,0.374,0.057,0.67,24.5,9.8,14.5,0.673,3.8,4.8,0.787,23.9,0.977,5.2,0.213,0.9,0.037,1.4,0.055,2.2,0.089,7.7,1.9,3.8,0.486,1.1,1.4,0.804,4.9,0.631,2.6,0.34,0.5,0.066,0.3,0.033,0.7,0.088,257.2,257.2,2.6,3.0,46.9,64.5,30.8,0.098,0.12
1610612763,Memphis Grizzlies,43.7,92.1,26.0,13.6,116.9,2,4,9,12,9,2022-23,MEM,82,51,31,241.2,45.9,12.2,25.3,0.481,6.0,8.0,0.755,31.3,0.683,12.6,0.275,3.9,0.084,2.9,0.064,4.0,0.087,397.6,13.3,3.0,5.1,0.583,0.8,1.1,0.691,7.0,6.6,1.2,0.185,0.6,0.046,0.5,0.501,0.038,0.526,23.0,9.3,13.9,0.67,2.6,4.0,0.664,21.6,0.94,5.3,0.23,0.8,0.033,1.0,0.042,1.9,0.081,3.9,1.2,2.0,0.565,0.5,0.7,0.721,2.9,0.739,0.9,0.236,0.2,0.05,0.4,0.091,0.4,0.094,273.5,273.5,2.2,3.0,46.3,66.2,31.2,0.095,0.114
1610612748,Miami Heat,39.2,85.3,23.8,13.5,109.5,30,26,25,9,30,2022-23,MIA,82,44,38,241.5,45.4,9.5,19.1,0.497,5.3,6.4,0.839,25.1,0.552,19.3,0.424,4.2,0.092,2.7,0.059,3.2,0.07,410.4,12.3,3.4,5.6,0.601,1.0,1.3,0.778,7.9,5.2,0.8,0.151,0.6,0.051,0.6,0.419,0.049,0.645,23.0,7.9,12.6,0.623,2.7,3.3,0.814,18.9,0.819,6.8,0.295,1.2,0.052,1.1,0.048,1.6,0.068,5.5,1.2,2.6,0.463,0.5,0.6,0.792,3.0,0.545,2.0,0.364,0.4,0.067,0.3,0.053,0.3,0.06,292.2,292.2,2.6,3.0,46.9,62.7,29.4,0.082,0.101
1610612749,Milwaukee Bucks,42.7,90.4,25.8,14.6,116.9,10,7,12,22,8,2022-23,MIL,82,58,24,241.8,42.7,9.4,17.9,0.526,5.1,7.1,0.725,24.6,0.575,16.8,0.394,4.3,0.102,3.2,0.076,3.5,0.083,396.2,10.1,2.2,3.8,0.574,0.7,1.1,0.682,5.3,4.9,0.9,0.174,0.5,0.055,0.5,0.487,0.047,0.524,21.8,8.4,12.4,0.679,2.4,3.1,0.751,19.5,0.896,6.0,0.277,1.0,0.046,1.0,0.045,1.5,0.068,9.2,2.3,4.5,0.511,1.1,1.3,0.813,5.8,0.627,2.9,0.317,0.8,0.086,0.6,0.067,0.6,0.07,270.6,270.6,2.0,3.3,47.5,67.4,31.0,0.095,0.115
1610612750,Minnesota Timberwolves,42.9,87.4,26.2,15.3,115.8,9,18,8,27,13,2022-23,MIN,81,41,40,241.9,48.7,12.3,23.7,0.518,6.1,7.8,0.778,31.6,0.649,16.3,0.335,4.4,0.09,3.4,0.069,3.9,0.08,421.6,9.4,2.5,3.9,0.634,0.9,1.2,0.733,6.1,4.1,0.9,0.208,0.6,0.059,0.6,0.435,0.063,0.648,21.1,8.3,12.2,0.686,2.8,4.1,0.694,20.0,0.945,4.9,0.231,1.0,0.049,1.2,0.058,1.9,0.089,4.8,1.0,1.9,0.497,0.6,0.8,0.721,2.6,0.533,1.7,0.362,0.4,0.09,0.4,0.079,0.4,0.087,300.1,300.1,2.5,3.4,42.7,66.1,31.8,0.087,0.106
1610612740,New Orleans Pelicans,42.0,87.6,25.9,14.6,114.4,16,17,11,21,15,2022-23,NOP,82,42,40,242.1,47.5,10.7,21.8,0.492,6.2,7.7,0.806,28.5,0.601,17.3,0.365,4.5,0.094,3.2,0.068,3.9,0.082,419.1,10.9,2.8,4.5,0.62,0.9,1.1,0.783,6.7,5.1,1.0,0.192,0.5,0.042,0.5,0.471,0.048,0.61,21.2,8.9,13.3,0.665,2.6,3.5,0.753,20.7,0.978,4.4,0.205,0.8,0.039,1.1,0.05,1.6,0.076,8.1,2.0,3.7,0.534,1.0,1.4,0.739,5.1,0.633,2.5,0.315,0.6,0.072,0.8,0.093,0.7,0.083,297.2,297.2,2.7,3.3,46.2,67.0,31.9,0.087,0.107
1610612752,New York Knicks,42.0,89.4,22.9,13.0,116.0,17,12,28,4,11,2022-23,NYK,82,47,35,243.4,55.1,12.3,24.7,0.498,6.8,8.5,0.803,32.7,0.593,21.6,0.392,5.6,0.101,3.1,0.056,4.3,0.077,390.6,7.5,1.7,3.2,0.544,0.6,0.9,0.697,4.2,3.3,0.6,0.192,0.4,0.047,0.4,0.443,0.052,0.569,21.0,7.9,11.8,0.669,1.6,2.7,0.603,17.7,0.843,6.0,0.288,1.0,0.048,1.2,0.056,1.3,0.063,5.6,1.2,2.4,0.492,0.8,1.1,0.736,3.2,0.57,2.1,0.378,0.5,0.089,0.3,0.061,0.5,0.096,273.5,273.5,1.7,2.7,41.2,59.4,27.3,0.084,0.1
1610612760,Oklahoma City Thunder,43.1,92.6,24.4,13.0,117.5,6,2,21,5,5,2022-23,OKC,82,40,42,242.1,64.0,13.5,28.1,0.481,7.8,9.4,0.825,35.7,0.558,25.6,0.4,5.7,0.089,3.8,0.06,4.7,0.074,403.1,8.4,2.4,3.9,0.602,0.7,1.1,0.67,5.6,3.3,0.5,0.15,0.4,0.044,0.5,0.388,0.06,0.663,21.4,7.3,12.3,0.593,2.3,3.1,0.746,17.0,0.794,5.8,0.273,1.1,0.05,1.1,0.051,1.5,0.069,2.3,0.4,0.9,0.473,0.4,0.4,0.912,1.3,0.562,0.9,0.389,0.2,0.092,0.2,0.086,0.2,0.092,278.7,278.7,2.0,3.1,45.4,63.3,29.5,0.088,0.106
1610612753,Orlando Magic,40.5,86.3,23.2,15.1,111.4,26,23,26,24,26,2022-23,ORL,82,34,48,241.2,48.3,11.7,23.6,0.496,6.2,7.8,0.793,30.5,0.63,16.0,0.332,4.0,0.083,3.4,0.07,3.9,0.081,389.2,8.3,2.1,3.7,0.567,1.0,1.2,0.772,5.2,3.4,0.7,0.201,0.4,0.05,0.6,0.406,0.075,0.618,19.6,7.8,11.6,0.673,3.1,3.9,0.784,19.2,0.977,4.3,0.218,0.8,0.041,1.0,0.052,1.8,0.092,4.1,0.8,1.7,0.448,0.5,0.7,0.778,2.1,0.524,1.6,0.384,0.3,0.08,0.2,0.057,0.3,0.08,268.6,268.6,2.4,2.3,42.4,60.4,27.9,0.087,0.104
1610612755,Philadelphia 76ers,40.8,83.8,25.2,13.7,115.2,24,30,16,13,14,2022-23,PHI,82,54,28,242.4,43.6,9.9,20.4,0.486,6.0,7.0,0.846,26.7,0.613,16.0,0.366,4.1,0.095,2.6,0.059,3.6,0.082,402.3,11.6,3.0,5.3,0.575,1.6,1.9,0.827,7.9,4.5,0.9,0.207,0.6,0.055,0.9,0.386,0.079,0.678,17.5,6.2,9.5,0.656,2.8,3.6,0.79,15.6,0.889,4.6,0.263,0.7,0.04,1.0,0.056,1.7,0.095,8.6,2.1,4.0,0.532,1.3,1.5,0.835,5.7,0.669,3.0,0.356,0.6,0.074,0.3,0.038,0.8,0.09,285.2,285.2,2.7,3.4,42.2,66.3,31.2,0.088,0.109
1610612756,Phoenix Suns,42.1,90.1,27.3,13.5,113.6,15,9,4,11,17,2022-23,PHX,82,45,37,241.2,42.4,9.1,19.5,0.467,4.5,5.8,0.786,23.3,0.551,16.2,0.383,4.3,0.101,2.6,0.062,2.9,0.068,399.1,12.3,3.4,6.0,0.572,0.8,1.0,0.753,7.7,4.8,0.9,0.189,0.7,0.054,0.5,0.393,0.039,0.627,26.4,9.6,15.6,0.617,2.8,3.8,0.721,22.4,0.847,6.7,0.256,1.1,0.043,1.2,0.046,1.7,0.066,7.1,2.1,3.9,0.53,0.6,0.8,0.758,4.9,0.683,2.0,0.275,0.3,0.048,0.4,0.056,0.4,0.056,277.0,277.0,2.5,3.6,49.1,69.7,33.2,0.098,0.12
1610612757,Portland Trail Blazers,40.5,85.4,24.2,14.5,113.4,27,25,22,19,19,2022-23,POR,81,33,48,240.6,41.9,10.1,19.5,0.522,6.1,7.4,0.824,27.2,0.649,14.8,0.352,3.5,0.084,3.0,0.071,3.7,0.089,396.3,9.2,2.4,4.0,0.589,0.7,1.0,0.679,5.6,4.0,0.6,0.159,0.5,0.058,0.5,0.431,0.054,0.614,18.0,6.7,10.5,0.639,1.7,2.3,0.705,15.3,0.849,4.9,0.271,0.7,0.036,0.9,0.051,1.1,0.064,6.0,1.2,2.6,0.479,0.7,0.9,0.724,3.2,0.535,2.2,0.361,0.5,0.08,0.4,0.073,0.5,0.078,276.9,276.9,2.1,3.3,43.1,62.5,29.4,0.087,0.106
1610612758,Sacramento Kings,43.6,88.2,27.3,13.5,120.7,4,16,3,9,1,2022-23,SAC,82,48,34,241.8,49.4,10.8,20.0,0.54,7.2,8.9,0.812,29.7,0.601,20.3,0.41,5.3,0.106,3.3,0.067,4.5,0.091,420.9,13.4,3.2,5.0,0.648,1.4,1.7,0.8,8.0,6.4,1.4,0.224,0.8,0.056,0.8,0.479,0.059,0.599,22.9,8.7,13.0,0.674,2.8,3.7,0.774,20.7,0.905,6.0,0.264,1.3,0.058,1.1,0.048,1.7,0.072,6.0,1.2,2.2,0.536,0.8,1.0,0.747,3.2,0.536,2.5,0.423,0.7,0.112,0.4,0.07,0.5,0.084,299.3,299.3,2.6,2.8,49.7,71.7,32.7,0.091,0.109
1610612759,San Antonio Spurs,43.1,92.6,27.2,15.3,113.0,6,1,5,26,23,2022-23,SAS,79,21,58,242.2,51.3,11.6,25.3,0.46,5.0,6.7,0.742,29.1,0.567,18.3,0.357,4.6,0.089,3.1,0.06,3.4,0.066,414.1,13.8,3.2,5.3,0.593,1.1,1.5,0.729,7.6,6.6,1.4,0.214,0.8,0.058,0.7,0.481,0.051,0.552,23.2,8.7,13.1,0.661,2.3,3.2,0.732,20.0,0.863,6.5,0.281,0.9,0.039,1.3,0.056,1.5,0.063,6.4,1.5,2.9,0.513,0.7,0.9,0.722,3.8,0.59,2.1,0.335,0.4,0.057,0.6,0.087,0.5,0.071,288.9,288.9,2.5,3.1,50.2,69.6,32.7,0.094,0.113
1610612761,Toronto Raptors,41.9,91.3,23.9,11.7,112.9,19,5,23,1,24,2022-23,TOR,82,41,41,241.5,45.9,9.0,19.9,0.453,5.5,6.8,0.818,24.2,0.528,18.7,0.408,4.4,0.096,2.7,0.06,3.4,0.074,413.3,10.6,2.4,4.5,0.527,0.8,0.9,0.818,5.6,4.9,0.9,0.188,0.5,0.047,0.4,0.459,0.041,0.532,25.3,9.9,15.5,0.637,2.7,3.8,0.727,23.0,0.911,5.8,0.231,1.1,0.044,1.2,0.048,1.8,0.071,7.8,1.8,3.4,0.511,0.7,1.0,0.723,4.3,0.548,3.0,0.389,0.7,0.089,0.4,0.055,0.5,0.064,292.0,292.0,2.2,2.9,44.5,61.0,29.0,0.082,0.099
1610612762,Utah Jazz,42.5,89.8,26.0,15.4,117.1,12,10,10,28,7,2022-23,UTA,82,37,45,241.5,52.6,12.1,23.7,0.508,6.2,7.8,0.8,31.4,0.596,19.2,0.365,5.4,0.103,4.0,0.077,3.9,0.074,395.5,8.2,2.3,3.6,0.641,1.1,1.4,0.805,5.9,3.2,0.7,0.229,0.5,0.061,0.6,0.388,0.078,0.712,23.1,9.6,14.0,0.685,2.4,3.4,0.717,21.9,0.948,5.4,0.232,1.1,0.047,1.2,0.051,1.6,0.069,3.0,0.6,1.3,0.463,0.3,0.4,0.75,1.6,0.524,1.0,0.341,0.3,0.106,0.2,0.081,0.2,0.065,271.1,271.1,2.4,2.7,47.8,68.3,31.0,0.096,0.114
1610612764,Washington Wizards,42.1,86.9,25.4,14.1,113.2,14,20,14,16,21,2022-23,WAS,82,35,47,240.9,45.4,11.3,22.1,0.511,4.8,6.0,0.795,28.2,0.621,16.0,0.353,4.2,0.093,3.0,0.067,3.0,0.066,406.3,10.8,2.7,4.7,0.565,1.3,1.5,0.831,6.8,4.5,0.9,0.208,0.5,0.045,0.7,0.419,0.068,0.632,20.0,8.3,12.2,0.675,2.5,3.3,0.772,19.6,0.982,4.4,0.218,0.8,0.042,1.1,0.053,1.6,0.079,5.6,1.6,2.9,0.545,0.8,1.1,0.77,4.1,0.732,1.6,0.294,0.4,0.063,0.3,0.061,0.5,0.094,286.3,286.3,2.6,3.2,45.3,65.7,31.1,0.089,0.109
1610612737,Atlanta Hawks,43.0,92.5,26.6,13.5,118.3,10,2,16,16,5,2023-24,ATL,82,36,46,242.1,48.1,11.0,23.1,0.476,5.5,6.7,0.826,28.3,0.587,17.4,0.361,5.0,0.103,3.1,0.064,3.3,0.069,394.2,8.3,2.4,4.1,0.588,0.7,1.0,0.731,5.7,3.1,0.6,0.191,0.4,0.047,0.5,0.376,0.056,0.682,23.8,9.3,15.2,0.613,2.8,4.0,0.713,21.9,0.921,4.6,0.194,1.0,0.041,1.1,0.046,2.0,0.083,2.4,0.6,1.2,0.495,0.5,0.6,0.78,1.7,0.688,0.6,0.246,0.1,0.045,0.2,0.085,0.3,0.131,270.7,270.7,2.8,2.9,46.5,68.5,31.9,0.098,0.118
1610612738,Boston Celtics,43.9,90.2,26.9,11.9,120.6,4,8,14,1,2,2023-24,BOS,81,63,18,241.9,39.1,9.5,17.8,0.534,4.7,5.8,0.815,24.4,0.624,15.2,0.387,4.2,0.107,2.3,0.06,2.9,0.075,387.8,8.7,2.3,3.6,0.635,1.3,1.5,0.85,6.0,3.7,0.9,0.252,0.4,0.044,0.7,0.428,0.083,0.688,22.2,8.6,12.7,0.675,2.3,2.9,0.795,19.7,0.888,6.2,0.279,1.4,0.064,1.1,0.048,1.4,0.061,7.2,2.1,3.6,0.574,1.5,1.7,0.875,5.8,0.8,2.1,0.291,0.5,0.065,0.4,0.051,0.8,0.116,268.3,268.3,2.0,4.3,46.4,70.8,33.1,0.1,0.123
1610612751,Brooklyn Nets,40.7,89.1,25.6,13.1,110.4,25,16,20,12,25,2023-24,BKN,79,32,47,241.6,55.4,12.4,25.6,0.485,6.0,7.6,0.788,31.6,0.571,21.0,0.379,5.4,0.097,3.4,0.061,3.8,0.069,404.7,8.4,1.7,3.0,0.582,0.6,1.0,0.638,4.3,4.3,0.9,0.205,0.4,0.044,0.5,0.508,0.059,0.506,21.1,7.9,12.3,0.646,1.8,2.8,0.638,18.0,0.855,5.3,0.252,1.1,0.054,1.1,0.052,1.3,0.061,2.0,0.5,0.8,0.607,0.2,0.3,0.577,1.2,0.586,0.7,0.376,0.2,0.083,0.1,0.064,0.2,0.083,283.9,283.8,1.7,2.9,44.2,65.7,30.2,0.09,0.106
1610612766,Charlotte Hornets,40.0,87.0,24.8,13.8,106.6,27,25,26,18,28,2023-24,CHA,81,20,61,240.6,53.6,11.5,24.7,0.467,5.1,6.4,0.796,28.8,0.538,20.5,0.383,4.9,0.091,3.8,0.071,3.2,0.06,392.5,7.2,1.7,3.1,0.541,0.7,0.9,0.778,4.2,3.0,0.5,0.151,0.4,0.05,0.4,0.421,0.062,0.579,18.6,7.8,11.3,0.692,2.2,3.0,0.74,18.1,0.972,4.2,0.225,0.9,0.049,1.0,0.054,1.4,0.075,2.3,0.4,1.0,0.417,0.3,0.4,0.875,1.2,0.527,0.9,0.378,0.2,0.101,0.1,0.037,0.2,0.085,274.6,274.6,2.1,3.1,43.0,63.8,29.9,0.09,0.109
1610612741,Chicago Bulls,42.0,89.5,25.0,12.2,112.3,16,13,23,3,22,2023-24,CHI,81,39,42,243.7,53.5,11.8,22.6,0.522,5.6,6.7,0.83,29.9,0.559,23.0,0.431,4.9,0.091,2.9,0.055,3.4,0.064,406.9,10.4,2.4,4.2,0.564,0.6,0.8,0.79,5.4,5.0,0.8,0.163,0.4,0.039,0.4,0.481,0.036,0.523,20.4,7.1,12.1,0.583,1.8,2.7,0.673,16.3,0.797,5.1,0.248,0.8,0.039,0.8,0.041,1.3,0.063,7.2,1.8,3.6,0.493,0.5,0.8,0.71,4.2,0.583,2.7,0.369,0.4,0.06,0.3,0.043,0.4,0.055,286.7,286.7,1.7,4.3,44.4,62.3,30.6,0.087,0.107
1610612739,Cleveland Cavaliers,41.8,87.2,28.0,13.6,112.6,19,24,8,17,20,2023-24,CLE,82,48,34,241.5,48.9,10.2,21.4,0.474,4.2,5.3,0.789,25.0,0.511,20.3,0.416,6.1,0.125,2.9,0.059,2.7,0.055,417.5,11.8,3.1,5.4,0.578,1.0,1.4,0.696,7.4,4.7,0.9,0.193,0.6,0.051,0.7,0.398,0.057,0.627,23.6,9.2,13.6,0.678,2.9,4.0,0.726,21.7,0.921,6.1,0.258,1.2,0.053,1.0,0.043,1.8,0.076,1.8,0.3,0.8,0.375,0.2,0.3,0.692,0.8,0.465,0.7,0.389,0.1,0.076,0.1,0.042,0.2,0.09,297.8,297.8,2.7,3.9,48.7,72.2,34.5,0.094,0.116
1610612742,Dallas Mavericks,43.1,89.7,25.7,12.5,117.9,9,12,19,4,7,2023-24,DAL,81,49,32,240.3,44.8,11.5,21.6,0.533,5.2,6.9,0.762,29.4,0.656,15.6,0.348,4.4,0.099,2.8,0.062,3.5,0.078,380.6,8.0,1.9,3.1,0.616,0.6,0.9,0.667,4.6,3.9,0.9,0.216,0.4,0.045,0.4,0.49,0.054,0.576,20.2,8.0,11.3,0.705,1.9,3.0,0.65,18.2,0.898,5.8,0.285,1.2,0.057,1.0,0.05,1.4,0.068,2.6,0.6,1.2,0.495,0.4,0.6,0.673,1.6,0.615,0.9,0.338,0.2,0.07,0.1,0.052,0.3,0.122,259.4,259.4,2.1,3.7,43.8,65.6,31.3,0.099,0.121
1610612743,Denver Nuggets,44.0,88.8,29.5,12.6,114.9,3,17,3,5,14,2023-24,DEN,80,55,25,240.3,37.4,8.8,17.9,0.491,3.3,4.0,0.807,21.3,0.569,14.1,0.378,3.8,0.103,2.5,0.066,2.0,0.054,406.7,18.7,4.5,7.4,0.606,1.2,1.5,0.797,10.4,9.1,2.3,0.252,0.9,0.046,0.7,0.489,0.037,0.557,26.1,10.6,16.2,0.655,2.6,3.7,0.718,24.3,0.929,6.1,0.232,1.5,0.057,1.0,0.039,1.8,0.067,10.2,2.5,4.3,0.591,1.0,1.2,0.83,6.2,0.601,4.5,0.437,1.0,0.096,0.5,0.049,0.6,0.057,286.7,286.7,2.3,3.8,47.7,72.8,35.3,0.102,0.123
1610612765,Detroit Pistons,40.9,88.2,25.5,15.2,109.9,24,20,22,28,27,2023-24,DET,81,14,67,240.9,52.6,11.2,23.6,0.473,5.6,7.0,0.799,28.7,0.545,20.3,0.385,5.2,0.099,3.7,0.07,3.5,0.067,387.9,9.9,2.4,4.2,0.561,0.8,1.0,0.788,5.7,4.1,0.7,0.177,0.8,0.079,0.5,0.416,0.05,0.579,21.9,8.7,13.0,0.669,2.3,2.9,0.796,20.0,0.915,5.0,0.227,0.7,0.034,1.4,0.062,1.4,0.064,3.3,0.6,1.3,0.481,0.6,0.7,0.839,1.8,0.562,1.0,0.291,0.2,0.057,0.4,0.125,0.3,0.106,266.1,266.1,2.3,2.8,43.1,64.6,30.5,0.096,0.115
1610612744,Golden State Warriors,43.7,91.6,29.3,14.3,117.8,5,3,4,23,8,2023-24,GSW,81,46,35,241.9,38.8,8.7,17.8,0.489,4.5,5.6,0.807,22.6,0.584,15.2,0.392,3.4,0.088,2.2,0.056,2.8,0.072,421.2,10.5,2.6,4.2,0.615,1.0,1.4,0.75,6.3,4.8,1.0,0.215,0.5,0.044,0.7,0.462,0.064,0.607,25.0,8.7,13.7,0.638,2.3,3.2,0.73,20.2,0.806,7.5,0.3,1.2,0.049,1.3,0.052,1.5,0.061,6.5,1.0,2.0,0.5,0.5,0.7,0.759,2.6,0.393,3.4,0.524,0.8,0.119,0.4,0.064,0.3,0.051,298.7,298.7,2.5,4.5,52.1,74.4,35.9,0.098,0.12
1610612745,Houston Rockets,41.8,91.0,24.8,12.7,114.3,19,5,25,8,16,2023-24,HOU,82,41,41,242.1,44.5,9.8,20.4,0.482,5.3,6.8,0.787,25.8,0.581,16.4,0.369,4.0,0.09,3.1,0.07,3.4,0.077,383.0,11.6,3.1,5.3,0.582,1.3,1.7,0.771,7.7,4.7,0.8,0.175,0.5,0.041,0.8,0.406,0.068,0.662,20.5,7.5,12.0,0.627,2.4,3.1,0.763,17.7,0.863,5.4,0.264,1.0,0.049,0.7,0.036,1.5,0.073,5.6,1.4,2.5,0.549,0.6,0.8,0.79,3.4,0.603,2.1,0.376,0.5,0.086,0.3,0.058,0.4,0.067,260.7,260.7,2.5,3.0,43.9,64.0,30.3,0.095,0.116
1610612754,Indiana Pacers,47.0,92.7,30.8,12.9,123.3,1,1,1,9,1,2023-24,IND,82,47,35,240.3,56.6,13.7,25.9,0.529,4.8,5.7,0.836,33.2,0.586,23.3,0.412,5.5,0.098,3.2,0.056,2.9,0.051,430.8,9.6,3.0,4.7,0.634,1.3,1.6,0.8,7.4,3.4,0.8,0.231,0.5,0.052,0.7,0.358,0.078,0.768,22.6,9.8,14.0,0.698,3.2,4.1,0.768,23.2,1.029,5.0,0.219,0.9,0.04,0.8,0.037,2.0,0.088,3.4,1.0,1.8,0.527,0.3,0.5,0.619,2.4,0.687,1.0,0.281,0.1,0.043,0.2,0.06,0.3,0.075,308.3,308.3,2.9,4.3,49.6,78.1,37.8,0.1,0.123
1610612746,LA Clippers,42.4,86.7,25.6,13.1,115.6,14,26,21,13,12,2023-24,LAC,81,50,31,240.3,45.2,10.0,20.2,0.495,4.8,5.7,0.843,25.5,0.564,17.9,0.396,4.9,0.109,2.8,0.063,2.8,0.063,373.4,11.7,2.8,4.7,0.591,0.9,1.2,0.74,6.5,5.4,1.3,0.237,0.6,0.048,0.6,0.461,0.05,0.561,22.6,8.8,13.2,0.662,2.3,3.2,0.739,20.2,0.895,5.9,0.261,1.2,0.051,1.1,0.048,1.5,0.068,4.8,1.2,2.2,0.556,0.5,0.6,0.771,3.0,0.614,1.9,0.398,0.4,0.093,0.2,0.046,0.3,0.062,254.4,254.4,2.2,2.7,40.2,64.0,30.1,0.1,0.118
1610612747,Los Angeles Lakers,43.7,87.5,28.5,14.0,118.0,6,22,5,19,6,2023-24,LAL,81,46,35,242.2,39.4,10.0,19.8,0.506,5.2,7.0,0.742,26.0,0.661,12.5,0.317,3.6,0.092,2.4,0.06,3.5,0.089,388.1,10.6,3.1,5.1,0.603,1.0,1.4,0.714,7.4,3.9,0.9,0.241,0.5,0.049,0.6,0.369,0.058,0.703,20.6,9.4,13.2,0.712,2.4,3.1,0.77,21.8,1.061,4.0,0.192,0.9,0.044,1.0,0.05,1.5,0.072,7.9,1.7,3.6,0.486,1.0,1.3,0.798,4.6,0.584,2.8,0.36,0.6,0.081,0.3,0.042,0.6,0.081,267.5,267.5,2.3,3.8,45.3,70.4,34.1,0.107,0.128
1610612763,Memphis Grizzlies,38.4,88.2,24.7,15.1,105.8,30,21,27,26,30,2023-24,MEM,82,27,55,241.2,51.3,11.5,24.5,0.468,6.0,7.6,0.785,29.7,0.58,17.7,0.346,4.1,0.079,3.7,0.072,3.8,0.075,407.2,9.9,2.1,4.0,0.517,0.9,1.2,0.771,5.2,4.5,0.7,0.151,0.4,0.042,0.5,0.457,0.052,0.522,18.6,6.3,10.3,0.61,1.6,2.3,0.711,14.6,0.784,5.4,0.292,0.9,0.048,1.0,0.055,1.1,0.058,3.7,0.9,1.9,0.474,0.4,0.6,0.75,2.2,0.596,1.1,0.306,0.1,0.039,0.2,0.055,0.3,0.078,286.3,286.3,1.7,2.8,46.2,63.9,29.1,0.086,0.102
1610612748,Miami Heat,39.8,85.6,25.8,12.7,110.1,28,28,18,6,26,2023-24,MIA,82,46,36,240.9,49.1,10.0,20.5,0.49,5.5,6.7,0.827,26.3,0.536,21.0,0.429,4.6,0.095,2.7,0.056,3.4,0.069,397.4,9.5,2.3,4.5,0.507,0.8,1.1,0.784,5.5,3.9,0.8,0.206,0.4,0.043,0.5,0.407,0.057,0.577,22.3,7.8,12.3,0.637,2.6,3.3,0.781,18.5,0.828,6.7,0.3,1.4,0.062,0.9,0.039,1.5,0.069,7.3,1.4,2.8,0.491,0.9,1.0,0.845,3.7,0.511,3.2,0.434,0.7,0.092,0.4,0.052,0.5,0.07,281.4,281.4,2.1,3.1,46.5,65.9,30.5,0.092,0.109
1610612749,Milwaukee Bucks,43.1,88.5,26.5,12.9,119.0,8,19,17,9,4,2023-24,MIL,82,49,33,241.5,42.7,10.4,19.2,0.54,5.6,7.0,0.801,27.2,0.636,15.8,0.369,4.5,0.105,2.8,0.067,3.5,0.083,386.8,8.2,2.0,3.2,0.617,0.6,0.7,0.767,4.7,3.9,0.8,0.198,0.5,0.064,0.3,0.48,0.042,0.568,18.4,7.8,11.1,0.7,1.6,2.3,0.695,17.5,0.952,4.2,0.23,0.9,0.047,1.1,0.059,1.1,0.06,6.8,1.9,3.5,0.547,0.6,0.8,0.734,4.5,0.657,2.1,0.313,0.6,0.082,0.4,0.057,0.4,0.057,264.7,264.7,2.0,3.7,45.7,68.7,32.1,0.1,0.121
1610612750,Minnesota Timberwolves,41.3,85.0,26.6,14.2,113.0,23,29,15,22,18,2023-24,MIN,82,56,26,241.5,52.5,12.4,24.7,0.501,6.1,7.5,0.813,31.9,0.607,18.7,0.356,4.8,0.091,3.9,0.074,3.7,0.071,409.6,9.3,2.1,3.5,0.6,1.0,1.4,0.695,5.4,4.1,0.8,0.189,0.7,0.079,0.7,0.436,0.073,0.584,20.5,7.5,11.3,0.665,2.8,4.2,0.674,18.2,0.885,5.2,0.252,1.0,0.047,1.2,0.058,1.9,0.091,6.4,1.4,2.9,0.496,0.8,1.0,0.774,3.8,0.593,2.0,0.321,0.4,0.069,0.6,0.09,0.5,0.084,290.7,290.7,2.4,3.6,41.8,68.8,32.6,0.092,0.112
1610612740,New Orleans Pelicans,42.5,87.4,27.0,13.0,115.1,12,23,13,11,13,2023-24,NOP,81,49,32,240.3,49.6,12.1,24.3,0.499,6.1,7.9,0.766,31.1,0.628,17.3,0.349,4.5,0.091,2.7,0.055,4.0,0.08,418.4,11.3,2.4,4.0,0.596,1.1,1.6,0.69,6.0,5.7,1.3,0.225,0.6,0.049,0.7,0.499,0.064,0.529,19.8,7.5,11.4,0.656,2.2,2.9,0.771,17.5,0.884,5.3,0.266,1.2,0.06,1.0,0.051,1.4,0.07,7.1,1.7,3.0,0.56,1.0,1.3,0.781,4.4,0.613,2.6,0.368,0.6,0.09,0.5,0.064,0.7,0.092,298.7,298.7,2.4,3.4,45.2,69.5,32.7,0.09,0.11
1610612752,New York Knicks,41.3,88.7,24.4,13.2,112.8,22,18,29,15,19,2023-24,NYK,82,50,32,240.6,52.7,11.8,24.6,0.48,5.8,7.0,0.829,30.4,0.576,20.1,0.381,4.8,0.091,3.1,0.059,3.5,0.067,404.6,8.2,1.8,3.1,0.58,0.5,0.8,0.677,4.3,3.8,0.7,0.189,0.6,0.07,0.3,0.466,0.042,0.522,20.0,6.8,10.5,0.645,1.9,2.8,0.673,15.8,0.788,6.4,0.318,0.9,0.043,1.2,0.058,1.3,0.063,2.9,0.5,1.3,0.419,0.3,0.4,0.813,1.4,0.496,1.0,0.352,0.2,0.081,0.3,0.089,0.2,0.068,283.4,283.4,1.8,3.7,41.1,63.1,29.7,0.086,0.105
1610612760,Oklahoma City Thunder,44.5,89.3,27.1,12.7,120.1,2,15,11,7,3,2023-24,OKC,82,57,25,241.5,62.1,14.1,26.4,0.536,7.0,8.5,0.821,36.5,0.587,25.8,0.416,5.9,0.095,3.8,0.061,4.3,0.069,391.2,7.9,2.0,3.1,0.636,0.7,0.9,0.743,4.8,3.8,0.7,0.182,0.3,0.042,0.4,0.474,0.052,0.603,19.5,7.1,10.8,0.658,1.9,2.4,0.799,16.4,0.84,5.8,0.297,1.2,0.064,1.1,0.057,1.2,0.062,2.0,0.4,0.9,0.457,0.0,0.0,0.75,0.8,0.417,0.9,0.442,0.2,0.104,0.2,0.086,0.0,0.012,270.5,270.5,1.9,3.1,45.1,70.0,32.1,0.1,0.119
1610612753,Orlando Magic,40.5,84.9,24.7,14.7,110.5,26,30,28,24,24,2023-24,ORL,82,47,35,241.2,48.5,10.9,22.4,0.489,6.4,8.2,0.776,29.0,0.598,17.4,0.359,4.9,0.101,3.3,0.068,4.1,0.085,399.0,9.6,2.4,4.0,0.602,1.0,1.4,0.716,6.0,4.1,0.9,0.214,0.6,0.065,0.6,0.427,0.067,0.618,22.3,8.6,12.9,0.665,3.0,4.0,0.761,20.6,0.927,5.5,0.245,1.0,0.043,1.1,0.051,1.8,0.082,4.2,0.8,1.7,0.468,0.6,0.8,0.79,2.2,0.529,1.7,0.395,0.3,0.081,0.3,0.067,0.4,0.093,279.2,279.2,2.4,2.6,44.1,63.6,29.6,0.088,0.106
1610612755,Philadelphia 76ers,41.5,89.4,24.9,12.0,114.6,21,14,24,2,15,2023-24,PHI,81,46,35,241.2,44.0,11.3,23.7,0.478,6.2,7.3,0.854,29.8,0.678,13.2,0.299,3.5,0.081,2.6,0.058,3.7,0.083,407.9,9.3,2.2,4.2,0.52,1.0,1.3,0.796,5.6,3.7,0.8,0.208,0.5,0.053,0.6,0.401,0.063,0.599,19.9,7.4,11.8,0.624,2.6,3.3,0.786,17.8,0.893,4.5,0.228,0.9,0.047,1.1,0.056,1.6,0.08,4.8,1.2,2.4,0.49,0.8,0.8,0.912,3.2,0.663,1.4,0.301,0.2,0.039,0.3,0.065,0.4,0.091,288.3,288.3,2.4,3.4,42.4,64.4,30.5,0.086,0.106
1610612756,Phoenix Suns,42.5,86.1,27.0,14.9,116.2,13,27,12,25,10,2023-24,PHX,81,49,32,241.2,45.1,10.9,20.7,0.527,5.3,6.4,0.826,27.9,0.619,17.2,0.381,3.9,0.085,2.8,0.063,3.2,0.071,401.1,10.0,2.6,4.4,0.588,1.0,1.3,0.745,6.3,4.0,0.9,0.215,0.5,0.051,0.6,0.403,0.062,0.633,19.0,6.5,10.6,0.613,2.2,3.0,0.743,15.5,0.813,5.5,0.286,1.0,0.051,1.0,0.051,1.4,0.075,6.0,1.3,2.7,0.472,0.6,0.9,0.671,3.2,0.533,2.2,0.365,0.4,0.065,0.4,0.069,0.4,0.071,281.3,281.3,2.2,4.8,44.3,68.2,33.7,0.096,0.12
1610612757,Portland Trail Blazers,39.4,89.7,23.1,15.2,106.4,29,10,30,29,29,2023-24,POR,81,20,61,242.2,51.6,10.8,24.4,0.443,6.0,7.5,0.798,28.3,0.549,18.0,0.35,4.0,0.078,3.8,0.073,3.8,0.073,397.0,10.1,2.3,4.7,0.486,0.8,1.0,0.805,5.5,4.2,0.7,0.169,0.5,0.048,0.5,0.411,0.048,0.541,21.3,8.2,13.8,0.594,2.0,2.7,0.715,18.7,0.874,4.3,0.2,0.7,0.035,1.1,0.052,1.3,0.062,3.5,0.8,1.6,0.489,0.2,0.3,0.714,1.9,0.53,1.3,0.362,0.2,0.056,0.2,0.063,0.2,0.049,274.0,274.0,2.1,2.4,43.1,59.6,27.4,0.084,0.1
1610612758,Sacramento Kings,43.3,90.9,28.3,13.1,116.6,7,6,7,13,9,2023-24,SAC,82,46,36,242.1,50.6,11.3,22.2,0.508,5.3,6.8,0.772,28.5,0.563,20.3,0.402,5.1,0.101,3.1,0.062,3.4,0.068,427.6,13.1,3.0,4.8,0.617,1.2,1.8,0.685,7.5,6.2,1.3,0.205,0.7,0.057,0.9,0.473,0.067,0.569,22.8,8.2,12.4,0.664,2.4,3.5,0.686,19.2,0.842,6.6,0.288,1.4,0.062,1.1,0.05,1.7,0.076,4.7,1.0,1.8,0.527,0.4,0.5,0.682,2.3,0.497,2.0,0.424,0.4,0.094,0.3,0.07,0.3,0.057,305.6,305.6,2.2,3.4,49.2,72.8,33.7,0.093,0.11
1610612759,San Antonio Spurs,41.9,90.7,29.9,15.1,112.1,18,7,2,27,23,2023-24,SAS,81,21,60,241.9,48.0,10.5,21.5,0.485,4.4,5.8,0.763,26.1,0.544,19.5,0.405,4.4,0.091,3.0,0.063,2.9,0.061,417.9,12.6,3.4,5.5,0.609,1.0,1.3,0.798,8.0,5.4,1.1,0.197,0.7,0.055,0.6,0.426,0.046,0.636,23.8,8.8,13.3,0.66,2.4,3.2,0.763,20.4,0.855,6.3,0.267,1.4,0.06,1.3,0.054,1.4,0.06,6.5,1.1,2.4,0.454,0.9,1.2,0.787,3.2,0.489,2.4,0.373,0.6,0.099,0.5,0.076,0.6,0.089,294.0,294.0,2.6,3.9,53.9,76.3,36.2,0.101,0.123
1610612761,Toronto Raptors,42.3,89.7,28.5,14.0,112.4,15,10,6,20,21,2023-24,TOR,81,25,56,241.2,49.3,10.3,22.3,0.463,5.3,6.7,0.799,26.7,0.542,18.9,0.382,4.5,0.092,3.4,0.069,3.4,0.068,420.2,12.4,3.1,4.7,0.664,0.8,1.1,0.711,7.2,6.2,1.5,0.245,0.6,0.05,0.5,0.501,0.042,0.582,24.6,9.7,14.8,0.654,2.3,3.4,0.682,22.1,0.899,6.0,0.243,1.5,0.059,1.1,0.044,1.6,0.065,4.2,0.9,1.8,0.497,0.4,0.5,0.75,2.3,0.535,1.7,0.404,0.4,0.105,0.3,0.076,0.3,0.064,296.9,296.9,2.6,3.9,49.8,71.8,34.8,0.096,0.117
1610612762,Utah Jazz,42.0,89.9,27.2,15.7,115.7,17,9,10,30,11,2023-24,UTA,81,31,50,241.5,53.4,11.5,24.3,0.474,6.8,8.1,0.834,30.8,0.576,19.3,0.361,5.5,0.103,4.1,0.077,4.1,0.077,408.2,7.6,2.2,3.6,0.593,0.8,0.9,0.861,5.2,3.0,0.5,0.174,0.3,0.045,0.4,0.391,0.053,0.683,24.0,10.1,14.8,0.68,2.8,3.5,0.811,23.4,0.977,5.0,0.21,0.9,0.038,1.4,0.057,1.6,0.067,2.9,0.7,1.6,0.465,0.4,0.4,0.938,1.8,0.637,0.7,0.248,0.1,0.051,0.2,0.073,0.2,0.064,283.3,283.3,2.2,2.7,48.8,70.6,32.1,0.096,0.113
1610612764,Washington Wizards,43.0,91.4,27.9,14.0,113.7,11,4,9,20,17,2023-24,WAS,82,15,67,240.6,50.4,12.7,25.7,0.493,4.8,6.2,0.775,31.2,0.619,16.7,0.332,4.3,0.086,3.0,0.06,3.1,0.062,399.4,8.7,3.2,4.7,0.67,0.7,1.0,0.726,7.3,3.0,0.6,0.19,0.4,0.04,0.5,0.338,0.054,0.838,18.2,7.7,11.8,0.654,2.1,2.9,0.728,18.0,0.986,3.5,0.191,0.5,0.03,0.9,0.051,1.4,0.078,2.0,0.5,0.9,0.519,0.1,0.2,0.6,1.1,0.57,0.7,0.345,0.2,0.091,0.2,0.085,0.1,0.061,276.8,276.8,2.3,3.4,47.0,70.6,33.4,0.101,0.121
1610612737,Atlanta Hawks,43.4,91.8,29.6,15.5,118.2,6,5,2,26,5,2024-25,ATL,82,40,42,241.2,50.3,10.1,21.3,0.474,4.7,5.8,0.804,25.5,0.507,21.4,0.425,5.6,0.112,3.3,0.066,2.9,0.058,408.7,10.9,3.3,5.3,0.626,0.8,1.2,0.701,7.7,4.1,0.8,0.185,0.5,0.045,0.6,0.378,0.053,0.711,28.0,10.3,16.6,0.622,2.6,3.9,0.673,23.5,0.839,7.1,0.252,1.3,0.047,1.4,0.051,1.8,0.064,1.6,0.4,0.8,0.449,0.3,0.4,0.867,1.1,0.679,0.4,0.239,0.0,0.03,0.2,0.104,0.2,0.112,281.8,281.8,2.9,3.4,52.9,75.5,35.9,0.105,0.127
1610612738,Boston Celtics,41.6,90.0,26.1,11.9,116.3,16,11,16,2,8,2024-25,BOS,82,61,21,241.8,36.8,8.9,16.1,0.551,4.1,5.0,0.828,22.5,0.612,14.8,0.401,4.0,0.11,2.3,0.063,2.5,0.067,393.3,8.6,1.9,3.4,0.571,1.0,1.2,0.804,4.9,4.1,0.7,0.172,0.3,0.031,0.6,0.477,0.069,0.571,22.2,7.7,11.7,0.658,2.7,3.4,0.786,18.4,0.83,7.0,0.313,1.4,0.063,1.0,0.043,1.7,0.075,6.6,1.8,3.4,0.518,1.3,1.5,0.831,4.9,0.74,1.8,0.277,0.5,0.074,0.3,0.048,0.8,0.114,274.7,274.7,2.2,4.4,48.3,69.5,32.3,0.095,0.118
1610612751,Brooklyn Nets,37.6,86.1,25.2,15.2,105.1,30,28,24,23,29,2024-25,BKN,82,26,56,241.2,51.0,9.9,21.8,0.453,6.0,7.4,0.808,26.5,0.519,20.3,0.398,4.9,0.096,3.5,0.069,3.8,0.074,426.0,10.6,1.9,3.5,0.533,0.5,0.9,0.608,4.4,5.8,1.1,0.192,0.5,0.047,0.4,0.547,0.04,0.412,20.9,7.4,12.0,0.616,1.6,2.3,0.702,16.6,0.795,5.9,0.284,1.1,0.051,1.0,0.048,1.1,0.052,2.4,0.5,1.1,0.443,0.3,0.3,0.846,1.3,0.533,0.8,0.345,0.2,0.076,0.1,0.061,0.2,0.066,305.6,305.6,1.7,2.8,48.1,65.9,29.6,0.082,0.097
1610612766,Charlotte Hornets,38.3,89.1,24.3,15.5,105.1,28,19,26,25,30,2024-25,CHA,82,19,63,240.9,49.4,10.4,24.1,0.431,5.3,6.2,0.846,26.7,0.541,17.5,0.355,4.1,0.082,3.5,0.07,3.1,0.064,406.9,9.1,2.2,4.0,0.536,1.0,1.4,0.709,5.5,3.4,0.6,0.18,0.6,0.066,0.7,0.374,0.073,0.602,22.9,8.0,12.4,0.64,2.7,3.6,0.747,19.1,0.836,6.4,0.28,1.2,0.053,1.4,0.059,1.6,0.072,2.2,0.5,1.1,0.437,0.4,0.4,0.889,1.4,0.63,0.5,0.249,0.1,0.061,0.2,0.088,0.2,0.099,284.0,284.0,2.3,3.3,45.3,63.6,29.9,0.086,0.105
1610612741,Chicago Bulls,43.2,92.0,29.1,14.7,117.8,8,4,5,20,6,2024-25,CHI,82,39,43,240.9,52.4,10.5,20.9,0.502,5.6,6.9,0.813,27.3,0.521,23.2,0.444,5.2,0.099,3.1,0.059,3.5,0.067,434.1,8.9,2.5,3.8,0.666,0.8,1.0,0.788,5.9,4.0,0.7,0.184,0.4,0.048,0.5,0.447,0.052,0.666,19.5,7.1,10.9,0.652,1.5,1.9,0.801,16.1,0.825,5.8,0.297,1.0,0.052,1.1,0.057,0.9,0.048,4.5,1.0,2.0,0.497,0.3,0.3,0.923,2.3,0.499,1.8,0.404,0.3,0.07,0.3,0.075,0.2,0.035,309.3,309.3,1.8,4.4,51.4,75.2,35.2,0.094,0.114
1610612739,Cleveland Cavaliers,44.5,90.8,28.1,13.2,121.9,4,7,9,3,1,2024-25,CLE,82,64,18,240.9,51.2,11.3,21.9,0.518,5.1,6.5,0.796,28.5,0.557,21.3,0.417,6.3,0.122,3.3,0.064,3.3,0.064,390.9,10.8,3.0,4.7,0.647,1.2,1.6,0.744,7.5,4.4,1.1,0.248,0.5,0.044,0.7,0.407,0.069,0.699,23.9,9.3,12.9,0.722,2.6,3.6,0.711,21.6,0.904,7.4,0.311,1.5,0.062,0.9,0.036,1.8,0.074,2.0,0.6,1.0,0.654,0.3,0.4,0.719,1.6,0.81,0.5,0.27,0.1,0.049,0.1,0.067,0.2,0.098,267.5,267.5,2.5,4.3,48.9,73.6,34.8,0.105,0.13
1610612742,Dallas Mavericks,42.0,87.7,25.2,14.0,114.2,13,21,22,13,15,2024-25,DAL,82,39,43,240.6,50.6,12.0,24.2,0.498,6.3,7.7,0.817,31.2,0.617,17.6,0.348,4.3,0.085,3.5,0.07,3.8,0.076,387.4,8.5,2.3,3.6,0.644,0.7,0.9,0.75,5.4,3.8,0.9,0.223,0.4,0.046,0.5,0.452,0.053,0.639,21.7,8.3,11.8,0.708,2.3,3.5,0.665,19.3,0.89,6.4,0.295,1.2,0.054,1.1,0.049,1.7,0.076,3.5,0.9,1.9,0.452,0.5,0.6,0.813,2.3,0.646,1.0,0.278,0.2,0.052,0.3,0.076,0.3,0.083,267.2,267.2,2.3,3.0,41.3,64.6,30.4,0.094,0.114
1610612743,Denver Nuggets,45.4,89.8,31.0,14.3,120.8,1,16,1,17,3,2024-25,DEN,82,50,32,242.1,35.7,8.1,16.0,0.505,3.7,4.8,0.779,20.5,0.574,14.0,0.391,3.7,0.104,2.2,0.061,2.4,0.067,407.7,19.3,4.5,7.2,0.629,1.7,2.3,0.755,10.9,9.4,2.3,0.245,0.8,0.039,1.0,0.489,0.051,0.566,31.0,12.8,18.8,0.678,3.7,5.0,0.734,29.8,0.96,7.2,0.231,1.7,0.055,1.4,0.046,2.4,0.076,10.3,2.4,4.2,0.572,0.9,1.1,0.777,5.8,0.566,4.5,0.441,1.2,0.118,0.6,0.055,0.6,0.056,284.9,284.9,3.4,3.3,51.3,77.7,37.5,0.109,0.131
1610612765,Detroit Pistons,42.7,89.8,26.4,14.9,115.5,10,14,15,21,12,2024-25,DET,82,44,38,241.5,41.7,10.8,22.2,0.487,5.3,6.8,0.779,27.6,0.663,12.2,0.293,3.6,0.085,2.8,0.067,3.4,0.082,392.1,11.7,2.6,4.2,0.626,0.8,1.1,0.685,6.2,6.0,1.3,0.22,0.6,0.05,0.5,0.515,0.047,0.529,21.8,8.8,13.0,0.676,2.3,3.2,0.718,20.2,0.928,5.1,0.236,1.1,0.053,0.9,0.042,1.5,0.068,5.0,1.3,2.5,0.537,0.5,0.6,0.854,3.2,0.645,1.7,0.35,0.5,0.093,0.2,0.044,0.3,0.059,268.8,268.8,2.5,2.8,45.3,68.3,31.6,0.098,0.118
1610612744,Golden State Warriors,40.8,90.4,29.1,14.0,113.8,21,8,4,14,17,2024-25,GSW,82,48,34,240.6,40.3,7.6,17.0,0.448,4.8,6.1,0.794,20.6,0.51,16.5,0.41,3.6,0.089,2.5,0.061,3.1,0.077,456.1,10.8,2.4,4.3,0.566,0.9,1.3,0.721,5.8,5.2,1.1,0.218,0.4,0.035,0.6,0.483,0.058,0.543,25.1,8.2,13.2,0.622,2.6,3.4,0.745,19.4,0.774,8.0,0.321,1.6,0.065,1.2,0.047,1.7,0.067,4.0,0.5,1.0,0.47,0.4,0.6,0.652,1.4,0.336,2.3,0.579,0.6,0.145,0.2,0.048,0.3,0.07,332.2,332.2,2.8,4.8,55.5,77.0,36.6,0.088,0.11
1610612745,Houston Rockets,42.5,93.4,23.3,13.9,114.3,11,1,28,11,13,2024-25,HOU,82,52,30,241.2,44.9,9.8,21.1,0.466,4.6,6.0,0.756,24.8,0.553,16.5,0.367,3.7,0.083,3.1,0.069,3.1,0.068,388.0,11.4,2.8,5.1,0.547,0.9,1.2,0.71,6.6,4.8,1.1,0.227,0.5,0.043,0.6,0.424,0.05,0.581,24.6,8.5,13.9,0.612,2.4,3.5,0.684,19.7,0.802,6.9,0.279,1.5,0.062,1.1,0.046,1.6,0.066,6.8,1.5,3.0,0.519,0.8,1.0,0.744,4.0,0.585,2.6,0.379,0.5,0.081,0.4,0.052,0.5,0.078,262.3,262.3,2.1,2.5,43.6,60.4,27.9,0.089,0.106
1610612754,Indiana Pacers,43.6,89.3,29.2,13.2,117.4,5,17,3,3,7,2024-25,IND,82,50,32,242.1,50.3,11.3,21.5,0.525,4.9,6.2,0.787,28.3,0.563,21.4,0.425,4.8,0.095,2.8,0.056,3.1,0.062,451.8,9.2,2.8,4.7,0.601,0.9,1.2,0.755,6.7,3.2,0.5,0.162,0.4,0.047,0.6,0.353,0.064,0.728,21.7,8.5,12.8,0.667,2.6,3.5,0.738,20.0,0.923,5.2,0.242,1.0,0.044,1.0,0.047,1.7,0.077,5.8,1.7,3.0,0.561,0.9,1.1,0.822,4.4,0.752,1.7,0.299,0.6,0.101,0.2,0.038,0.5,0.095,330.5,330.5,2.6,4.5,48.6,74.7,36.3,0.088,0.11
1610612746,LA Clippers,41.6,86.3,25.2,14.9,112.9,17,26,23,22,20,2024-25,LAC,82,50,32,241.5,43.7,10.2,21.1,0.482,5.4,6.4,0.838,26.4,0.603,15.3,0.35,4.5,0.103,3.0,0.069,3.2,0.073,388.1,11.9,2.7,4.7,0.586,1.0,1.3,0.722,6.5,5.8,1.3,0.23,0.5,0.04,0.6,0.488,0.051,0.55,22.8,9.2,14.1,0.654,1.8,2.4,0.732,20.5,0.899,5.6,0.248,1.2,0.054,1.1,0.05,1.1,0.05,6.6,1.8,3.1,0.587,0.4,0.6,0.72,4.1,0.624,2.3,0.354,0.5,0.077,0.5,0.072,0.3,0.046,268.4,268.4,2.0,3.4,40.0,63.4,30.6,0.094,0.114
1610612747,Los Angeles Lakers,40.9,85.5,26.0,14.0,113.4,20,30,18,12,19,2024-25,LAL,82,50,32,240.6,39.9,9.2,18.3,0.5,6.1,7.6,0.81,25.3,0.632,14.2,0.357,3.8,0.095,2.5,0.063,3.8,0.095,409.8,10.9,2.5,4.4,0.56,0.8,1.0,0.779,5.9,5.2,1.1,0.217,0.5,0.047,0.5,0.475,0.046,0.541,21.7,8.4,12.2,0.691,2.2,3.1,0.705,19.4,0.894,6.0,0.278,1.2,0.055,1.0,0.047,1.4,0.066,6.0,1.3,2.8,0.456,0.9,1.1,0.789,3.5,0.584,2.0,0.336,0.5,0.084,0.4,0.066,0.5,0.092,290.2,290.2,2.3,4.2,46.2,66.8,32.4,0.09,0.112
1610612763,Memphis Grizzlies,44.8,93.3,28.4,15.7,121.7,2,2,8,28,2,2024-25,MEM,82,48,34,240.3,59.3,12.6,25.4,0.496,6.2,8.0,0.784,32.3,0.545,24.4,0.41,5.8,0.098,4.1,0.069,4.0,0.067,403.0,7.5,2.1,3.7,0.571,0.6,0.8,0.746,4.9,2.8,0.5,0.176,0.3,0.044,0.4,0.381,0.049,0.662,24.2,9.0,13.5,0.663,2.5,3.2,0.78,21.0,0.867,7.0,0.289,1.1,0.046,1.3,0.052,1.5,0.06,4.3,1.2,2.1,0.558,0.5,0.8,0.652,3.0,0.691,1.3,0.298,0.3,0.059,0.3,0.076,0.4,0.093,276.8,276.8,1.8,3.5,48.8,72.2,33.4,0.103,0.121
1610612748,Miami Heat,40.5,87.0,26.4,13.6,110.6,24,24,14,8,24,2024-25,MIA,82,37,45,243.1,50.1,10.6,21.4,0.494,4.6,5.9,0.787,26.4,0.527,21.4,0.427,5.4,0.107,3.2,0.064,2.9,0.059,408.9,8.8,2.3,4.4,0.528,0.6,0.7,0.81,5.3,3.4,0.7,0.211,0.4,0.045,0.3,0.389,0.032,0.606,20.8,7.7,12.1,0.633,2.2,2.9,0.761,17.9,0.858,5.4,0.26,0.8,0.04,1.1,0.054,1.4,0.066,5.1,0.8,2.1,0.399,0.6,0.8,0.774,2.3,0.453,2.0,0.391,0.5,0.102,0.3,0.064,0.4,0.073,290.3,290.3,2.1,2.9,47.0,69.2,31.4,0.091,0.108
1610612749,Milwaukee Bucks,42.0,86.4,25.5,13.4,115.5,12,25,21,7,11,2024-25,MIL,82,48,34,240.9,39.5,9.6,18.7,0.513,4.7,6.4,0.731,24.5,0.62,13.8,0.349,3.8,0.096,2.5,0.064,3.2,0.081,395.6,9.0,2.1,3.3,0.632,0.7,1.0,0.725,5.0,4.5,1.2,0.259,0.5,0.057,0.5,0.499,0.052,0.56,18.0,6.9,10.2,0.68,1.7,2.4,0.71,15.9,0.883,4.9,0.271,0.9,0.049,0.9,0.051,1.1,0.062,7.7,1.9,3.6,0.517,0.7,1.0,0.702,4.5,0.585,2.8,0.358,0.7,0.096,0.5,0.065,0.5,0.066,276.8,276.8,2.2,3.3,45.1,67.3,30.9,0.092,0.112
1610612750,Minnesota Timberwolves,41.0,87.6,26.1,14.5,114.3,19,22,17,18,13,2024-25,MIN,82,49,33,241.8,48.3,10.4,21.8,0.477,6.2,7.5,0.817,27.6,0.571,17.8,0.369,4.6,0.095,3.8,0.078,3.8,0.079,408.4,7.7,1.9,3.1,0.612,0.8,0.9,0.863,4.8,3.5,0.9,0.246,0.5,0.063,0.4,0.45,0.057,0.623,19.4,7.5,11.3,0.663,2.8,3.8,0.724,18.1,0.932,4.4,0.227,1.0,0.054,1.0,0.052,1.8,0.091,4.5,0.8,1.7,0.464,0.5,0.6,0.771,2.1,0.465,2.0,0.446,0.6,0.139,0.2,0.054,0.3,0.065,287.6,287.6,1.9,4.0,43.6,67.7,31.9,0.091,0.111
1610612740,New Orleans Pelicans,40.6,89.9,25.8,14.6,109.8,22,13,19,19,25,2024-25,NOP,82,21,61,240.9,51.6,11.1,25.0,0.447,5.9,7.6,0.782,28.8,0.559,18.0,0.35,4.7,0.091,3.5,0.067,3.8,0.074,408.7,9.8,2.4,4.0,0.598,0.8,1.1,0.685,5.7,4.3,0.8,0.195,0.5,0.054,0.5,0.441,0.054,0.581,21.6,7.4,11.8,0.631,2.4,3.5,0.69,17.7,0.819,6.2,0.286,1.2,0.057,1.1,0.051,1.7,0.08,2.8,0.6,1.2,0.5,0.2,0.3,0.615,1.4,0.509,1.1,0.398,0.2,0.084,0.2,0.075,0.2,0.058,285.6,285.6,2.2,2.8,44.1,65.7,30.9,0.09,0.108
1610612752,New York Knicks,43.3,89.2,27.5,13.3,115.8,7,18,11,5,9,2024-25,NYK,82,51,31,242.4,46.8,11.3,22.5,0.505,5.8,7.2,0.811,29.5,0.629,17.0,0.362,4.2,0.09,2.7,0.057,3.6,0.077,401.4,9.0,2.5,4.1,0.605,0.9,1.1,0.795,5.9,3.5,0.8,0.232,0.6,0.063,0.5,0.388,0.06,0.662,22.3,8.5,12.9,0.663,1.9,2.5,0.756,19.2,0.863,5.8,0.26,1.4,0.063,1.6,0.07,1.2,0.053,5.8,1.4,2.8,0.52,0.5,0.7,0.732,3.5,0.6,1.7,0.295,0.5,0.09,0.5,0.088,0.3,0.059,281.2,281.2,1.8,3.6,44.6,68.2,32.6,0.098,0.116
1610612760,Oklahoma City Thunder,44.6,92.7,26.9,11.7,120.5,3,3,12,1,4,2024-25,OKC,82,68,14,240.3,54.5,12.9,25.3,0.508,6.2,7.4,0.84,32.9,0.603,21.3,0.39,5.7,0.105,2.8,0.052,3.7,0.068,392.0,9.4,2.5,4.3,0.583,0.7,0.9,0.743,5.7,4.0,0.9,0.23,0.5,0.049,0.5,0.426,0.049,0.605,20.2,7.3,10.7,0.68,1.6,2.1,0.759,16.5,0.815,6.8,0.335,1.5,0.074,1.0,0.048,1.0,0.049,1.5,0.3,0.7,0.39,0.1,0.2,0.857,0.7,0.5,0.5,0.35,0.1,0.067,0.1,0.075,0.1,0.058,270.7,270.7,1.7,3.7,47.3,69.4,32.2,0.099,0.119
1610612753,Orlando Magic,38.2,85.8,23.0,14.2,105.4,29,29,30,16,28,2024-25,ORL,82,41,41,240.6,43.2,9.4,20.1,0.469,6.0,7.4,0.818,25.6,0.593,15.0,0.348,3.5,0.082,3.0,0.068,3.7,0.085,398.3,11.4,2.3,4.1,0.57,1.1,1.4,0.746,5.9,5.6,1.1,0.191,0.6,0.053,0.7,0.493,0.06,0.518,21.8,8.0,12.0,0.664,2.7,3.9,0.708,19.0,0.874,5.8,0.265,1.0,0.046,1.2,0.057,1.8,0.084,3.2,0.6,1.2,0.48,0.5,0.6,0.731,1.7,0.528,1.1,0.351,0.3,0.083,0.2,0.075,0.3,0.098,279.3,279.3,2.0,3.1,44.9,59.5,28.2,0.082,0.101
1610612755,Philadelphia 76ers,39.7,87.4,23.2,13.6,109.6,26,23,29,9,26,2024-25,PHI,82,24,58,241.5,47.6,11.5,23.1,0.498,5.9,7.4,0.792,29.7,0.623,16.5,0.346,3.8,0.08,2.9,0.061,3.7,0.078,407.0,7.7,1.7,2.9,0.587,0.6,0.8,0.75,4.0,3.9,0.7,0.189,0.4,0.051,0.4,0.509,0.047,0.521,17.4,6.0,9.7,0.614,2.2,3.1,0.718,14.4,0.825,4.5,0.262,0.8,0.046,1.1,0.064,1.4,0.082,3.8,1.1,2.0,0.518,0.4,0.4,0.853,2.5,0.666,1.1,0.286,0.2,0.055,0.3,0.087,0.2,0.055,286.6,286.6,2.0,3.1,40.7,60.4,28.3,0.081,0.099
1610612756,Phoenix Suns,41.2,86.3,27.8,14.1,113.6,18,26,10,15,18,2024-25,PHX,82,36,46,241.8,45.9,10.5,20.6,0.512,5.3,6.3,0.847,27.0,0.589,18.6,0.405,4.1,0.09,2.4,0.053,3.2,0.07,428.5,9.9,2.5,4.3,0.573,0.9,1.2,0.7,5.9,4.3,0.8,0.19,0.5,0.048,0.6,0.434,0.058,0.595,18.3,5.7,9.0,0.638,2.1,2.7,0.772,13.7,0.75,6.6,0.362,1.1,0.058,0.9,0.049,1.3,0.071,3.2,0.6,1.5,0.425,0.5,0.6,0.813,1.8,0.541,1.2,0.361,0.2,0.053,0.1,0.041,0.3,0.09,307.6,307.6,2.6,5.0,50.2,73.1,35.3,0.09,0.115
1610612757,Portland Trail Blazers,40.5,90.2,23.8,16.0,110.9,23,9,27,29,22,2024-25,POR,82,36,46,241.2,53.7,11.1,23.6,0.472,6.4,8.1,0.786,29.6,0.552,20.1,0.374,4.6,0.086,4.1,0.076,4.1,0.076,402.8,8.4,1.9,3.4,0.55,0.6,0.9,0.718,4.5,3.7,0.7,0.184,0.5,0.063,0.4,0.445,0.05,0.538,23.9,8.3,13.3,0.625,2.2,3.0,0.72,19.1,0.799,6.5,0.272,1.1,0.046,1.6,0.066,1.4,0.059,2.1,0.4,0.8,0.5,0.2,0.2,1.0,0.9,0.44,1.0,0.463,0.2,0.08,0.1,0.063,0.1,0.04,278.0,278.0,1.8,2.4,44.9,61.6,28.0,0.086,0.101
1610612758,Sacramento Kings,43.0,90.1,26.5,13.3,115.7,9,10,13,6,10,2024-25,SAC,82,40,42,242.4,46.5,10.5,20.4,0.516,4.5,5.7,0.786,26.2,0.563,19.1,0.412,4.4,0.095,2.8,0.061,2.8,0.061,408.7,11.5,2.7,4.6,0.589,0.9,1.1,0.793,6.5,5.5,1.1,0.2,0.4,0.035,0.5,0.48,0.048,0.561,22.5,8.3,12.6,0.66,2.6,3.2,0.823,19.6,0.872,6.3,0.281,1.2,0.055,1.2,0.055,1.5,0.068,6.5,1.6,3.1,0.52,0.9,1.1,0.793,4.3,0.658,2.2,0.343,0.4,0.057,0.4,0.057,0.6,0.087,287.2,287.2,2.1,3.2,46.5,68.1,31.7,0.092,0.11
1610612759,San Antonio Spurs,41.8,89.8,28.6,13.9,113.9,14,15,6,10,16,2024-25,SAS,82,34,48,240.6,46.1,9.8,20.1,0.489,5.7,7.2,0.783,26.0,0.565,18.0,0.391,4.7,0.102,3.1,0.067,3.6,0.079,411.0,11.3,2.4,4.2,0.587,1.1,1.4,0.737,6.2,5.6,1.1,0.189,0.5,0.045,0.7,0.497,0.059,0.551,22.0,8.4,12.8,0.655,1.7,2.4,0.714,18.8,0.856,6.1,0.277,1.2,0.055,1.2,0.053,1.1,0.05,4.4,0.8,1.5,0.524,0.4,0.5,0.763,2.0,0.456,2.0,0.453,0.5,0.117,0.4,0.083,0.2,0.053,289.8,289.8,2.3,3.8,50.7,74.2,34.7,0.099,0.12
1610612761,Toronto Raptors,41.6,91.0,28.5,15.3,110.9,15,6,7,24,23,2024-25,TOR,82,30,52,241.5,46.8,9.1,20.5,0.444,4.8,6.2,0.762,23.6,0.505,18.9,0.403,5.0,0.106,2.8,0.059,3.1,0.067,425.9,15.1,3.5,6.2,0.568,1.1,1.4,0.737,8.3,7.0,1.2,0.165,0.9,0.058,0.7,0.463,0.046,0.548,28.7,10.4,16.8,0.622,3.1,4.1,0.753,24.4,0.849,7.7,0.269,1.4,0.05,1.3,0.046,2.0,0.07,3.6,0.9,1.8,0.487,0.5,0.7,0.741,2.3,0.625,1.0,0.284,0.3,0.077,0.3,0.074,0.3,0.094,300.7,300.7,2.7,3.0,53.5,72.5,34.1,0.095,0.114
1610612762,Utah Jazz,40.3,88.7,25.5,17.2,111.9,25,20,20,30,21,2024-25,UTA,82,17,65,241.5,47.9,9.9,21.2,0.464,6.0,7.7,0.789,26.7,0.557,17.2,0.358,4.4,0.092,4.2,0.087,3.9,0.081,402.6,10.0,2.3,4.1,0.555,1.1,1.6,0.723,5.9,4.0,0.9,0.231,0.7,0.071,0.7,0.403,0.075,0.594,22.5,8.9,13.5,0.661,2.4,3.4,0.694,20.8,0.925,4.9,0.217,0.9,0.04,1.4,0.061,1.6,0.071,2.1,0.5,1.1,0.494,0.3,0.4,0.733,1.4,0.651,0.5,0.238,0.1,0.035,0.1,0.058,0.2,0.087,277.1,277.1,2.3,2.2,48.2,67.2,30.0,0.092,0.108
1610612764,Washington Wizards,39.4,89.9,25.1,15.6,108.0,27,12,25,27,27,2024-25,WAS,82,18,64,240.6,45.2,9.5,21.1,0.451,4.8,6.3,0.766,24.6,0.544,16.2,0.359,3.6,0.08,3.4,0.076,3.2,0.071,417.1,11.1,2.8,5.3,0.532,1.0,1.3,0.755,6.7,4.4,0.7,0.169,0.5,0.048,0.6,0.396,0.054,0.602,20.3,7.5,12.1,0.621,2.3,2.9,0.777,17.6,0.868,5.0,0.247,0.9,0.045,1.2,0.06,1.4,0.069,2.8,0.7,1.4,0.522,0.4,0.5,0.868,1.9,0.667,0.8,0.268,0.2,0.061,0.3,0.095,0.2,0.082,292.3,292.3,2.3,3.1,48.1,65.4,30.5,0.086,0.104
