team,opp,player,position,injuries,practice_status,game_status,gsis_id,match
PIT,CLE,Yahya Black,DT,Not injury related - personal matter,,Questionable,00-0040188,k_full
PIT,CLE,Rico Dowdle,RB,Toe,Did Not Participate In Practice,Out,00-0036139,k_full
PIT,CLE,Brandin Echols,CB,Concussion,Limited Participation in Practice,,00-0036504,k_full
PIT,CLE,Joey Porter Jr.,CB,"Not injury related - other, Back",Limited Participation in Practice,Out,00-0039167,k_full
PIT,CLE,Jalen Ramsey,CB,Wrist,Limited Participation in Practice,Questionable,00-0033055,k_full
CLE,PIT,Tyson Campbell,CB,,Full Participation in Practice,,00-0036974,k_full
CLE,PIT,Grant Delpit,S,,Full Participation in Practice,,00-0036282,k_full
CLE,PIT,Tytus Howard,T,,Full Participation in Practice,,00-0035234,k_full
CLE,PIT,Elgton Jenkins,C,Concussion,Did Not Participate In Practice,Out,00-0035526,k_full
CLE,PIT,Teven Jenkins,G,Back,Limited Participation in Practice,Out,00-0036953,k_full
CLE,PIT,Tylan Wallace,WR,Knee,Did Not Participate In Practice,Out,00-0036630,k_full
IND,WAS,Mo Alie-Cox,TE,,Full Participation in Practice,,00-0033217,k_full
IND,WAS,Keenan Allen,WR,"Not injury related - resting player, Groin",Did Not Participate In Practice,Questionable,00-0030279,k_full
IND,WAS,Akeem Davis-Gaither,LB,,Full Participation in Practice,,00-0036298,k_full
IND,WAS,Ashton Dulin,WR,Ankle,Full Participation in Practice,Questionable,00-0035021,k_full
IND,WAS,Spencer Shrader,K,,Full Participation in Practice,,00-0039576,k_full
IND,WAS,Grover Stewart,DT,,Full Participation in Practice,,00-0033952,k_full
IND,WAS,Jonathan Taylor,RB,,Full Participation in Practice,,00-0036223,k_full
IND,WAS,Charvarius Ward,CB,,Full Participation in Practice,,00-0034573,k_full
WAS,IND,Nick Allegretti,G,,Full Participation in Practice,,00-0035149,k_full
WAS,IND,Percy Butler,S,Concussion,Full Participation in Practice,Questionable,00-0038100,k_full
WAS,IND,Sam Cosmi,G,"Concussion, Throat",Did Not Participate In Practice,Out,00-0036618,k_full
WAS,IND,Nick Cross,S,Illness,Did Not Participate In Practice,Out,00-0037616,k_full
WAS,IND,Jayden Daniels,QB,Elbow,Limited Participation in Practice,Out,00-0039910,k_full
WAS,IND,Javon Kinlaw,DT,,Full Participation in Practice,,00-0036260,k_full
WAS,IND,Frankie Luvu,LB,,Limited Participation in Practice,,00-0034302,k_full
WAS,IND,Quan Martin,S,,Full Participation in Practice,,00-0039149,k_full
WAS,IND,Terry McLaurin,WR,Hamstring,Limited Participation in Practice,Questionable,00-0035659,k_full
WAS,IND,Chig Okonkwo,TE,,Limited Participation in Practice,,00-0037809,k_full
WAS,IND,Charles Omenihu,DE,,Limited Participation in Practice,,00-0035279,k_full
WAS,IND,Lucas Patrick,G,,Full Participation in Practice,,00-0033082,k_full
WAS,IND,Amik Robertson,CB,,Full Participation in Practice,,00-0036375,k_full
WAS,IND,Ben Sinnott,TE,,Limited Participation in Practice,,00-0039912,k_full
WAS,IND,Rachaad White,RB,Shoulder,Did Not Participate In Practice,Out,00-0037256,k_full
GB,TB,Aaron Banks,G,"Knee, Toe",Did Not Participate In Practice,Out,00-0036551,k_full
GB,TB,Warren Brinson,DT,"Calf, Groin",Did Not Participate In Practice,Out,00-0040016,k_full
GB,TB,Karl Brooks,DT,,Limited Participation in Practice,,00-0038398,k_full
GB,TB,Jager Burton,C,Groin,Limited Participation in Practice,Questionable,00-0040884,k_full
GB,TB,Anthony Campbell,DT,Ankle,Did Not Participate In Practice,Out,00-0040689,k_full
GB,TB,Edgerrin Cooper,LB,"Shoulder, Concussion",Full Participation in Practice,Questionable,00-0039850,k_full
GB,TB,Jacob Monk,C,Quadricep,Did Not Participate In Practice,Out,00-0039817,k_full
GB,TB,Lukas Van Ness,LB,,Limited Participation in Practice,,00-0039112,k_full
TB,GB,Rueben Bain Jr.,LB,"Groin, Shoulder",Did Not Participate In Practice,Out,00-0041031,k_full
TB,GB,DeMonte Capehart,DT,,Full Participation in Practice,,00-0041079,k_full
TB,GB,SirVocea Dennis,LB,Calf,Limited Participation in Practice,Questionable,00-0039049,k_full
TB,GB,Yaya Diaby,LB,,Full Participation in Practice,,00-0039068,k_full
TB,GB,Chris Godwin Jr.,WR,,Full Participation in Practice,,00-0033921,k_full
TB,GB,Bucky Irving,RB,,Full Participation in Practice,,00-0039361,k_full
TB,GB,Ko Kieft,TE,Elbow,Did Not Participate In Practice,Out,00-0037311,k_full
TB,GB,Baker Mayfield,QB,Thumb,Did Not Participate In Practice,Out,00-0034855,k_full
TB,GB,Benjamin Morrison,CB,Quadricep,Did Not Participate In Practice,Out,00-0040747,k_full
TB,GB,Rakeem Nunez-Roches,DT,"Ankle, Foot",Full Participation in Practice,Questionable,00-0031957,k_full
TB,GB,Jacob Parrish,CB,Not injury related - personal matter,Limited Participation in Practice,Questionable,00-0040143,k_full
TB,GB,A'Shawn Robinson,DT,,Full Participation in Practice,,00-0032889,k_full
TB,GB,Keionte Scott,CB,,Full Participation in Practice,,00-0041057,k_full
TB,GB,Josiah Trotter,LB,,Full Participation in Practice,,00-0041502,k_full
DAL,HOU,Cobie Durant,CB,Hamstring,Did Not Participate In Practice,Out,00-0037839,k_full
DAL,HOU,Malik Hooker,S,,Full Participation in Practice,,00-0033877,k_full
DAL,HOU,James Houston,LB,,Full Participation in Practice,,00-0037310,k_full
DAL,HOU,DeMarvion Overshown,LB,Hamstring,Did Not Participate In Practice,Out,00-0038556,k_full
DAL,HOU,Shavon Revel Jr.,CB,,Full Participation in Practice,,00-0040008,k_full
HOU,DAL,Azeez Al-Shaair,LB,Groin,Did Not Participate In Practice,Out,00-0035166,k_full
HOU,DAL,Will Anderson Jr.,DE,,Full Participation in Practice,,00-0039108,k_full
HOU,DAL,British Brooks,RB,,Did Not Participate In Practice,,00-0039603,k_full
HOU,DAL,Trent Brown,T,,Full Participation in Practice,,00-0032071,k_full
HOU,DAL,Calen Bullock,S,,Full Participation in Practice,,00-0039838,k_full
HOU,DAL,Jadeveon Clowney,DE,Knee,Did Not Participate In Practice,Questionable,00-0031364,k_full
HOU,DAL,Nico Collins,WR,,Full Participation in Practice,,00-0036554,k_full
HOU,DAL,Logan Hall,DE,Knee,Limited Participation in Practice,Questionable,00-0038127,k_full
HOU,DAL,Jake Hansen,LB,Calf,Full Participation in Practice,Questionable,00-0037457,k_full
HOU,DAL,Ed Ingram,G,Groin,Full Participation in Practice,Questionable,00-0038131,k_full
HOU,DAL,Dalton Schultz,TE,,Limited Participation in Practice,,00-0034383,k_full
HOU,DAL,M.J. Stewart,S,Knee,Did Not Participate In Practice,Out,00-0034355,k_full
HOU,DAL,Wade Woodaz,LB,,Full Participation in Practice,,00-0041465,k_full
TEN,BAL,John Franklin-Myers,DE,,Full Participation in Practice,,00-0034805,k_full
TEN,BAL,Tony Pollard,RB,,Full Participation in Practice,,00-0035261,k_full
TEN,BAL,Tyjae Spears,RB,Ankle,Full Participation in Practice,Questionable,00-0039032,k_full
TEN,BAL,Kevin Winston Jr.,S,Shoulder,Did Not Participate In Practice,Questionable,00-0040141,k_full
BAL,TEN,Mark Andrews,TE,,Full Participation in Practice,,00-0034753,k_full
BAL,TEN,Calais Campbell,DT,,Full Participation in Practice,,00-0026190,k_full
BAL,TEN,Zay Flowers,WR,"Hamstring, Not injury related - resting player",Limited Participation in Practice,Questionable,00-0039064,k_full
BAL,TEN,Jovaughn Gwyn,C,Ankle,Did Not Participate In Practice,Out,00-0038629,k_full
BAL,TEN,Trey Hendrickson,LB,Finger,Did Not Participate In Practice,Out,00-0033935,k_full
BAL,TEN,Marlon Humphrey,CB,,Full Participation in Practice,,00-0033281,k_full
BAL,TEN,Lamar Jackson,QB,,Full Participation in Practice,,00-0034796,k_full
BAL,TEN,Chris Moore,WR,Ankle,Limited Participation in Practice,Questionable,00-0032398,k_full
BAL,TEN,Ethan Pocic,C,Knee,Did Not Participate In Practice,Out,00-0033901,k_full
BAL,TEN,John Simpson,G,,Full Participation in Practice,,00-0036369,k_full
BAL,TEN,Durham Smythe,TE,,Full Participation in Practice,,00-0034798,k_full
BAL,TEN,Ronnie Stanley,T,"Toe, Not injury related - resting player",Did Not Participate In Practice,Questionable,00-0032965,k_full
NE,BUF,Christian Barmore,DT,Shoulder,Did Not Participate In Practice,Out,00-0036981,k_full
NE,BUF,Channing Canada,CB,Hamstring,Limited Participation in Practice,Questionable,00-0041316,k_full
NE,BUF,Christian Elliss,LB,Chest,Limited Participation in Practice,Questionable,00-0036813,k_full
NE,BUF,Reggie Gilliam,FB,Knee,Limited Participation in Practice,Questionable,00-0036187,k_full
NE,BUF,Christian Gonzalez,CB,Shoulder,Did Not Participate In Practice,Out,00-0039147,k_full
NE,BUF,Dre'Mont Jones,LB,Shoulder,Limited Participation in Practice,Questionable,00-0035678,k_full
NE,BUF,Drake Maye,QB,,Full Participation in Practice,,00-0039851,k_full
NE,BUF,Morgan Moses,T,Foot,Limited Participation in Practice,Questionable,00-0031330,k_full
NE,BUF,Eli Raridon,TE,Thigh,Limited Participation in Practice,Questionable,00-0041395,k_full
NE,BUF,Brenden Schooler,S,Back,Limited Participation in Practice,Out,00-0037205,k_full
NE,BUF,Craig Woodson,S,Shoulder,Limited Participation in Practice,Questionable,00-0040716,k_full
BUF,NE,Joe Andreessen,LB,,Full Participation in Practice,,00-0039763,k_full
BUF,NE,Christian Benford,CB,Toe,Did Not Participate In Practice,Questionable,00-0037288,k_full
BUF,NE,Terrel Bernard,LB,,Did Not Participate In Practice,,00-0037254,k_full
BUF,NE,Bradley Chubb,LB,,Full Participation in Practice,,00-0034832,k_full
BUF,NE,Keon Coleman,WR,,Limited Participation in Practice,,00-0039901,k_full
BUF,NE,Ray Davis,RB,Hamstring,Limited Participation in Practice,Questionable,00-0039875,k_full
BUF,NE,Sam Franklin Jr.,S,,Did Not Participate In Practice,,00-0036037,k_full
BUF,NE,Damar Hamlin,S,,Limited Participation in Practice,,00-0036888,k_full
BUF,NE,DJ Moore,WR,,Limited Participation in Practice,,00-0034827,k_full
BUF,NE,Ar'maj Reed-Adams,G,,Full Participation in Practice,,00-0041128,k_full
BUF,NE,T.J. Sanders,DE,Illness,Limited Participation in Practice,Doubtful,00-0040724,k_full
BUF,NE,Deone Walker,DT,,Full Participation in Practice,,00-0040710,k_full
BUF,NE,Dorian Williams,LB,,Full Participation in Practice,,00-0038557,k_full
ARI,NYG,Budda Baker,S,,Full Participation in Practice,,00-0033890,k_full
ARI,NYG,Hjalte Froholdt,C,,Full Participation in Practice,,00-0035258,k_full
ARI,NYG,Roy Lopez,DT,,Full Participation in Practice,,00-0036568,k_full
ARI,NYG,Walter Nolen,DT,,Full Participation in Practice,,00-0040706,k_full
ARI,NYG,Isaac Seumalo,G,,Full Participation in Practice,,00-0032954,k_full
ARI,NYG,Josh Sweat,LB,"Not injury related - resting player, Groin",Limited Participation in Practice,Questionable,00-0034381,k_full
ARI,NYG,Dadrion Taylor-Demerson,S,Back,Did Not Participate In Practice,Out,00-0039864,k_full
ARI,NYG,Mack Wilson,LB,,Full Participation in Practice,,00-0035144,k_full
NYG,ARI,Deonte Banks,CB,,Full Participation in Practice,,00-0039000,k_full
NYG,ARI,Elijah Campbell,S,,Full Participation in Practice,,00-0034248,k_full
NYG,ARI,Nic Jones,CB,,Full Participation in Practice,,00-0038986,k_full
NYG,ARI,Tyler Nubin,S,,Full Participation in Practice,,00-0039861,k_full
NYG,ARI,Patrick Ricard,FB,,Full Participation in Practice,,00-0033376,k_full
NYG,ARI,John Michael Schmitz,C,,Did Not Participate In Practice,,00-0039019,k_full
NYG,ARI,Andrew Thomas,T,,Limited Participation in Practice,,00-0036386,k_full
NYG,ARI,Tyrone Tracy Jr.,RB,,Full Participation in Practice,,00-0039384,k_full
NYJ,CHI,Kingsley Enagbare,DE,Knee,Limited Participation in Practice,Questionable,00-0037083,k_full
NYJ,CHI,Minkah Fitzpatrick,S,,Full Participation in Practice,,00-0034789,k_full
NYJ,CHI,Breece Hall,RB,Quadricep,Did Not Participate In Practice,Out,00-0038120,k_full
NYJ,CHI,Francisco Mauigoa,LB,Quadricep,Did Not Participate In Practice,Out,00-0040186,k_full
NYJ,CHI,Adonai Mitchell,WR,Finger,Did Not Participate In Practice,Out,00-0039890,k_full
NYJ,CHI,Kene Nwangwu,RB,,Full Participation in Practice,,00-0036842,k_full
NYJ,CHI,Dylan Parham,G,Knee,Did Not Participate In Practice,Out,00-0037255,k_full
NYJ,CHI,Jeremy Ruckert,TE,,Full Participation in Practice,,00-0037805,k_full
NYJ,CHI,Kenyon Sadiq,TE,Back,Limited Participation in Practice,Questionable,00-0041032,k_full
NYJ,CHI,Mason Taylor,TE,Thumb,Did Not Participate In Practice,Out,00-0040736,k_full
CHI,NYJ,Kyler Gordon,CB,Calf,Full Participation in Practice,Out,00-0038111,k_full
CHI,NYJ,Jonah Jackson,G,,Full Participation in Practice,,00-0036258,k_full
CHI,NYJ,Grady Jarrett,DT,,Full Participation in Practice,,00-0031583,k_full
CHI,NYJ,Braxton Jones,T,Knee,Did Not Participate In Practice,Out,00-0037081,k_full
CHI,NYJ,Cam Lewis,S,Hip,Did Not Participate In Practice,Doubtful,00-0035357,k_full
CHI,NYJ,Noah Sewell,LB,Achilles,Full Participation in Practice,Out,00-0038390,k_full
CHI,NYJ,D'Andre Swift,RB,,Full Participation in Practice,,00-0036275,k_full
CHI,NYJ,Joe Thuney,G,,Full Participation in Practice,,00-0032391,k_full
CHI,NYJ,Shemar Turner,DE,Knee,Full Participation in Practice,Out,00-0040741,k_full
CHI,NYJ,Caleb Williams,QB,Hamstring,Did Not Participate In Practice,Out,00-0039918,k_full
JAX,CIN,LeQuint Allen Jr.,RB,,Limited Participation in Practice,,00-0040238,k_full
JAX,CIN,Nate Boerkircher,TE,,Full Participation in Practice,,00-0041503,k_full
JAX,CIN,Christian Braswell,CB,Knee,Limited Participation in Practice,Questionable,00-0038616,k_full
JAX,CIN,Montaric Brown,CB,Hamstring,Limited Participation in Practice,Questionable,00-0037313,k_full
JAX,CIN,DaVon Hamilton,DT,,Full Participation in Practice,,00-0036262,k_full
JAX,CIN,Jarrian Jones,CB,,Full Participation in Practice,,00-0039353,k_full
JAX,CIN,Jakobi Meyers,WR,,Full Participation in Practice,,00-0034960,k_full
JAX,CIN,Albert Regis,DT,Elbow,Limited Participation in Practice,Questionable,00-0041045,k_full
JAX,CIN,Cole Van Lanen,T,,Full Participation in Practice,,00-0036655,k_full
CIN,JAX,Jonathan Allen,DT,,Full Participation in Practice,,00-0033523,k_full
CIN,JAX,Jordan Battle,S,,Full Participation in Practice,,00-0038560,k_full
CIN,JAX,Swayze Bozeman,LB,Groin,Did Not Participate In Practice,Questionable,00-0039313,k_full
CIN,JAX,Bryan Cook,S,Ankle,Limited Participation in Practice,Questionable,00-0037193,k_full
CIN,JAX,Kyle Dugger,S,Quadricep,Did Not Participate In Practice,Out,00-0036231,k_full
CIN,JAX,B.J. Hill,DT,Achilles,Limited Participation in Practice,Questionable,00-0034800,k_full
CIN,JAX,Dexter Lawrence,DT,,Did Not Participate In Practice,,00-0035683,k_full
CIN,JAX,Dalton Risner,G,Knee,Full Participation in Practice,Questionable,00-0035702,k_full
CIN,JAX,DJ Turner II,CB,,Limited Participation in Practice,,00-0038549,k_full
CIN,JAX,Colbie Young,WR,Knee,Did Not Participate In Practice,Out,00-0041069,k_full
LA,PHI,Davante Adams,WR,,Full Participation in Practice,,00-0031381,k_full
LA,PHI,Aaron Donald,DT,Back,Did Not Participate In Practice,Out,00-0031388,k_full
LA,PHI,Terrance Ferguson,TE,Ankle,Did Not Participate In Practice,Out,00-0040737,k_full
LA,PHI,Poona Ford,DT,,Full Participation in Practice,,00-0034234,k_full
LA,PHI,Tyler Higbee,TE,,Did Not Participate In Practice,,00-0033110,k_full
LA,PHI,Alaric Jackson,T,,Did Not Participate In Practice,,00-0036603,k_full
LA,PHI,Kamren Kinchens,S,,Full Participation in Practice,,00-0039834,k_full
LA,PHI,Nate Landman,LB,,Full Participation in Practice,,00-0037587,k_full
LA,PHI,Puka Nacua,WR,,Full Participation in Practice,,00-0039075,k_full
LA,PHI,Colby Parkinson,TE,"Knee, Shoulder",Did Not Participate In Practice,Questionable,00-0036244,k_full
LA,PHI,Josaiah Stewart,LB,Groin,Did Not Participate In Practice,Questionable,00-0040580,k_full
LA,PHI,Josh Wallace,CB,,Full Participation in Practice,,00-0039772,k_full
LA,PHI,Jaylen Watson,CB,Shoulder,Did Not Participate In Practice,Out,00-0037195,k_full
LA,PHI,Byron Young,LB,,Did Not Participate In Practice,,00-0039137,k_full
PHI,LA,Zack Baun,LB,Concussion,Did Not Participate In Practice,Out,00-0036418,k_full
PHI,LA,Tank Bigsby,RB,,Full Participation in Practice,,00-0038555,k_full
PHI,LA,Marquise Brown,WR,Ankle,Did Not Participate In Practice,Out,00-0035662,k_full
PHI,LA,Jihaad Campbell,LB,,Limited Participation in Practice,,00-0040708,k_full
PHI,LA,Jalen Carter,DT,,Full Participation in Practice,,00-0038386,k_full
PHI,LA,Darius Cooper,WR,,Full Participation in Practice,,00-0040024,k_full
PHI,LA,Jordan Davis,DT,,Full Participation in Practice,,00-0037073,k_full
PHI,LA,Marcus Epps,S,Groin,Did Not Participate In Practice,Out,00-0034993,k_full
PHI,LA,Dallas Goedert,TE,Knee,Did Not Participate In Practice,Out,00-0034351,k_full
PHI,LA,Jonathan Greenard,LB,,Full Participation in Practice,,00-0036224,k_full
PHI,LA,Fred Johnson,T,Knee,Did Not Participate In Practice,Out,00-0034951,k_full
PHI,LA,Jonathan Jones,CB,,Full Participation in Practice,,00-0032580,k_full
PHI,LA,Moro Ojomo,DT,,Full Participation in Practice,,00-0038412,k_full
PHI,LA,Will Shipley,RB,,Full Participation in Practice,,00-0039746,k_full
PHI,LA,DeVonta Smith,WR,Hamstring,Did Not Participate In Practice,Out,00-0036912,k_full
PHI,LA,Byron Young,DT,,Full Participation in Practice,,00-0038978,k_full
MIA,MIN,Tucker Addington,LS,,Limited Participation in Practice,,00-0037686,k_full
MIA,MIN,Rob Beal Jr.,LB,Hamstring,Did Not Participate In Practice,Out,00-0038603,k_full
MIA,MIN,Chris Bell,WR,,Full Participation in Practice,,00-0041525,k_full
MIA,MIN,Zeek Biggers,DT,,Full Participation in Practice,,00-0040248,k_full
MIA,MIN,Julius Brents,CB,,Full Participation in Practice,,00-0039156,k_full
MIA,MIN,Aaron Brewer,C,,Full Participation in Practice,,00-0036171,k_full
MIA,MIN,Caleb Douglas,WR,Ankle,Did Not Participate In Practice,Out,00-0041523,k_full
MIA,MIN,Storm Duck,CB,"Knee, Achilles",Full Participation in Practice,Out,00-0039481,k_full
MIA,MIN,Chop Robinson,LB,,Full Participation in Practice,,00-0039911,k_full
MIA,MIN,Dante Trader Jr.,S,,Full Participation in Practice,,00-0040182,k_full
MIA,MIN,Seydou Traore,TE,,Full Participation in Practice,,00-0041579,k_full
MIA,MIN,Joshua Uche,LB,,Full Participation in Practice,,00-0036159,k_full
MIA,MIN,Jaylen Wright,RB,,Full Participation in Practice,,00-0039874,k_full
MIN,MIA,Blake Cashman,LB,,Full Participation in Practice,,00-0035276,k_full
MIN,MIA,Christian Darrisaw,T,,Did Not Participate In Practice,,00-0036616,k_full
MIN,MIA,Charles Demmings,CB,Hamstring,Did Not Participate In Practice,Out,00-0041083,k_full
MIN,MIA,Justin Jefferson,WR,Ankle,Did Not Participate In Practice,Out,00-0036322,k_full
MIN,MIA,Aaron Jones,RB,,Limited Participation in Practice,,00-0033293,k_full
MIN,MIA,Harrison Smith,S,,Limited Participation in Practice,,00-0029606,k_full
MIN,MIA,Brett Thorson,P,Hamstring,Did Not Participate In Practice,Out,00-0041581,k_full
LAC,SEA,Kayode Awosika,G,Fibula,Did Not Participate In Practice,Out,00-0036736,k_full
LAC,SEA,Bud Dupree,DE,,Full Participation in Practice,,00-0032146,k_full
LAC,SEA,Justin Eboigbe,DE,,Full Participation in Practice,,00-0039835,k_full
LAC,SEA,Donte Jackson,CB,Concussion,Full Participation in Practice,Questionable,00-0034356,k_full
LAC,SEA,Derwin James,S,"Hamstring, Not injury related - resting player",Limited Participation in Practice,Questionable,00-0034790,k_full
LAC,SEA,Charlie Kolar,TE,Forearm,Limited Participation in Practice,Out,00-0038046,k_full
LAC,SEA,Trey Lance,QB,Groin,Limited Participation in Practice,Questionable,00-0037012,k_full
LAC,SEA,Khalil Mack,DE,,Full Participation in Practice,,00-0031040,k_full
LAC,SEA,Ladd McConkey,WR,Foot,Limited Participation in Practice,Questionable,00-0039915,k_full
LAC,SEA,Keaton Mitchell,RB,,Full Participation in Practice,,00-0038454,k_full
LAC,SEA,Elijah Molden,S,Hamstring,Limited Participation in Practice,Questionable,00-0036992,k_full
LAC,SEA,Brenen Thompson,WR,Quadricep,Did Not Participate In Practice,Out,00-0041550,k_full
LAC,SEA,Dalvin Tomlinson,DT,Hamstring,Did Not Participate In Practice,Out,00-0033546,k_full
SEA,LAC,Zach Charbonnet,RB,Knee,Limited Participation in Practice,Out,00-0039165,k_full
SEA,LAC,Nick Emmanwori,S,,Full Participation in Practice,,00-0040733,k_full
SEA,LAC,George Holani,RB,,Limited Participation in Practice,,00-0039299,k_full
SEA,LAC,Julian Love,S,,Full Participation in Practice,,00-0034974,k_full
SEA,LAC,Ty Okada,S,Hamstring,Full Participation in Practice,Questionable,00-0038765,k_full
SEA,LAC,Brandon Pili,DT,,Full Participation in Practice,,00-0038694,k_full
SEA,LAC,Jadarian Price,RB,Chest,Did Not Participate In Practice,Out,00-0041512,k_full
SEA,LAC,Jarran Reed,DT,,Full Participation in Practice,,00-0032387,k_full
SEA,LAC,Rashid Shaheed,WR,,Full Participation in Practice,,00-0037545,k_full
SEA,LAC,Chazz Surratt,LB,Calf,Limited Participation in Practice,Questionable,00-0037003,k_full
SEA,LAC,Leonard Williams,DT,,Full Participation in Practice,,00-0031933,k_full
SEA,LAC,Grey Zabel,G,,Full Participation in Practice,,00-0040639,k_full
KC,LV,Felix Anudike-Uzomah,DE,,Full Participation in Practice,,00-0039006,k_full
KC,LV,Jadon Canady,CB,,Full Participation in Practice,,00-0041497,k_full
KC,LV,Jack Cochrane,LB,,Full Participation in Practice,,00-0037208,k_full
KC,LV,Chamarri Conner,S,,Full Participation in Practice,,00-0038982,k_full
KC,LV,Ashton Gillotte,DE,,Full Participation in Practice,,00-0040640,k_full
KC,LV,Chris Jones,DT,,Full Participation in Practice,,00-0032762,k_full
KC,LV,Patrick Mahomes,QB,,Full Participation in Practice,,00-0033873,k_full
KC,LV,Rashee Rice,WR,,Full Participation in Practice,,00-0039067,k_full
KC,LV,Christian Roland-Wallace,CB,,Full Participation in Practice,,00-0039324,k_full
KC,LV,Josh Simmons,T,Back,Did Not Participate In Practice,Out,00-0040116,k_full
KC,LV,L'Jarius Sneed,CB,,Full Participation in Practice,,00-0036374,k_full
LV,KC,Malik Benson,WR,,Full Participation in Practice,,00-0040894,k_full
LV,KC,Brock Bowers,TE,,Limited Participation in Practice,,00-0039338,k_full
LV,KC,Foley Fatukasi,DT,,Full Participation in Practice,,00-0034275,k_full
LV,KC,Ashton Jeanty,RB,,Full Participation in Practice,,00-0040122,k_full
LV,KC,Tristin McCollum,S,,Full Participation in Practice,,00-0037461,k_full
LV,KC,Aidan O'Connell,QB,Not injury related - personal matter,Did Not Participate In Practice,Questionable,00-0038579,k_full
LV,KC,Isaiah Pola-Mao,S,,Full Participation in Practice,,00-0037512,k_full
LV,KC,Jackson Powers-Johnson,G,Groin,Did Not Participate In Practice,Out,00-0039735,k_full
LV,KC,Eric Stokes,CB,,Full Participation in Practice,,00-0036901,k_full
LV,KC,Treydan Stukes,S,,Full Participation in Practice,,00-0040868,k_full
LV,KC,Cody White,WR,,Limited Participation in Practice,,00-0035891,k_full
DEN,SF,Zach Allen,DE,,Full Participation in Practice,,00-0035248,k_full
DEN,SF,J.K. Dobbins,RB,,Full Participation in Practice,,00-0036158,k_full
DEN,SF,D.J. Jones,DT,,Full Participation in Practice,,00-0033297,k_full
DEN,SF,Marvin Mims Jr.,WR,,Full Participation in Practice,,00-0038976,k_full
DEN,SF,Dondrea Tillman,LB,Hamstring,Did Not Participate In Practice,Out,00-0037799,k_full
DEN,SF,Jaylen Waddle,WR,,Full Participation in Practice,,00-0036613,k_full
SF,DEN,Nick Bosa,DE,"Knee, Calf",Did Not Participate In Practice,Out,00-0035717,k_full
SF,DEN,Jaden Dugger,LB,Shoulder,Limited Participation in Practice,Questionable,00-0041078,k_full
SF,DEN,Mike Evans,WR,Ribs,Limited Participation in Practice,Questionable,00-0031408,k_full
SF,DEN,Dre Greenlaw,LB,Quadricep,Limited Participation in Practice,Questionable,00-0034982,k_full
SF,DEN,Romello Height,DE,,Limited Participation in Practice,,00-0041556,k_full
SF,DEN,KhaDarel Hodge,WR,,Did Not Participate In Practice,,00-0034854,k_full
SF,DEN,Christian McCaffrey,RB,,Full Participation in Practice,,00-0033280,k_full
SF,DEN,James Thompson Jr.,DT,Ankle,Did Not Participate In Practice,Out,00-0041363,k_full
SF,DEN,Keion White,DE,Hamstring,Limited Participation in Practice,Questionable,00-0039148,k_full
SF,DEN,Mykel Williams,DE,Knee,Limited Participation in Practice,Out,00-0040660,k_full
SF,DEN,Trent Williams,T,,Full Participation in Practice,,00-0027857,k_full
DET,CAR,Ben Bartch,G,Foot,Did Not Participate In Practice,Out,00-0036272,k_full
DET,CAR,D.J. Reed,CB,Rib,Limited Participation in Practice,Questionable,00-0034384,k_full
DET,CAR,D.J. Wonnum,DE,,Full Participation in Practice,,00-0036335,k_full
CAR,DET,Jalen Coker,WR,Quadricep,Limited Participation in Practice,Questionable,00-0039491,k_full
CAR,DET,Monroe Freeling,T,Concussion,Full Participation in Practice,Questionable,00-0041034,k_full
CAR,DET,Chuba Hubbard,RB,,Full Participation in Practice,,00-0036555,k_full
CAR,DET,Lee Hunter,DT,Foot,Limited Participation in Practice,Questionable,00-0041478,k_full
CAR,DET,Cam Jackson,DT,Knee,Limited Participation in Practice,Questionable,00-0040174,k_full
CAR,DET,Xavier Legette,WR,Knee,Did Not Participate In Practice,Out,00-0039342,k_full
CAR,DET,Damien Lewis,G,Elbow,Did Not Participate In Practice,Out,00-0036417,k_full
CAR,DET,Devin Lloyd,LB,,Full Participation in Practice,,00-0037244,k_full
CAR,DET,Nick Scott,S,,Full Participation in Practice,,00-0035669,k_full
CAR,DET,Princely Umanmielen,LB,,Full Participation in Practice,,00-0040136,k_full
CAR,DET,Darren Waller,TE,,Full Participation in Practice,,00-0031610,k_full
CAR,DET,Bryce Young,QB,,Full Participation in Practice,,00-0039150,k_full
ATL,NO,Kendal Daniels,LB,,Limited Participation in Practice,,00-0041066,k_full
ATL,NO,Divine Deablo,LB,,Limited Participation in Practice,,00-0036990,k_full
ATL,NO,Samson Ebukam,DE,,Limited Participation in Practice,,00-0033945,k_full
ATL,NO,Za'Darius Smith,DE,,Limited Participation in Practice,,00-0031576,k_full
ATL,NO,Jawaan Taylor,T,,Did Not Participate In Practice,,00-0035237,k_full
NO,ATL,Julian Blackmon,S,,Full Participation in Practice,,00-0036253,k_full
NO,ATL,Barion Brown,WR,,Limited Participation in Practice,,00-0041099,k_full
NO,ATL,Kaden Elliss,LB,,Did Not Participate In Practice,,00-0035316,k_full
NO,ATL,Martin Emerson,CB,,Full Participation in Practice,,00-0037250,k_full
NO,ATL,Noah Fant,TE,,Limited Participation in Practice,,00-0035644,k_full
NO,ATL,Davon Godchaux,DT,,Did Not Participate In Practice,,00-0033860,k_full
NO,ATL,Carl Granderson,LB,,Did Not Participate In Practice,,00-0035402,k_full
NO,ATL,Anfernee Jennings,LB,,Did Not Participate In Practice,,00-0036193,k_full
NO,ATL,Christen Miller,DT,,Limited Participation in Practice,,00-0041390,k_full
NO,ATL,Pete Werner,LB,,Did Not Participate In Practice,,00-0036927,k_full
